Mot_nettoye;Cluster_occurrence
ab;1
abandon;3
abc;2
abi;1
abide;1
able;17
aboard;1
abode;1
abq;5
abrupt;1
absence;2
absent;2
absolutely;48
abuse;2
academy;1
accelerate;1
accept;13
acceptable;4
acceptance;1
access;1
accessory;2
accident;7
accidentally;3
acclimate;1
accommodation;1
accomplice;1
accomplish;4
accord;2
account;17
accurate;2
accurately;1
accusation;1
accuse;4
ace;1
ache;1
achieve;1
acid;6
acquaintance;1
act;25
action;6
activate;1
active;1
actively;1
activity;2
actual;7
actually;92
ad;2
adam;1
adamant;1
adapt;1
add;16
addict;4
addictive;1
addition;1
address;15
adenocarcinoma;2
adio;1
adjust;4
adjustment;1
administration;6
admission;1
admit;11
adobe;1
adolf;1
adorable;3
adrian;1
adult;5
adulterant;2
advance;1
advertise;2
advice;10
advise;3
advocate;1
aerodynamic;1
affair;9
affect;4
affiliation;2
afford;5
affordable;1
afloat;1
afraid;4
african;1
afternoon;9
afterward;2
age;5
aged;2
agent;24
aggressive;1
agitate;3
ago;26
agree;13
agreeable;1
agreement;2
ah;5
ahead;22
aid;1
aimless;1
ain;46
air;26
aircraft;4
airlift;1
airline;1
airliner;1
airmen;1
airplane;2
airport;2
airspace;1
aisle;1
aka;2
alamos;2
alarm;4
albertson;1
albuminoid;1
albuquerque;26
alcohol;1
alcoholic;1
alex;1
alias;1
alibi;1
alien;2
alike;2
alive;7
alkaline;1
all;3
allegation;1
allegedly;1
allergenic;1
alleviate;1
allow;9
allowance;1
alongside;1
alpha;2
alpine;1
alternative;2
altimeter;1
altitude;1
aluminum;1
amalgam;2
amarillo;1
amaze;6
amazing;8
ambition;1
ambitious;1
ambulance;1
ambush;2
amend;1
amendment;2
america;5
american;4
amination;1
amnesia;1
amount;2
ampe;1
analogy;1
ancient;1
andrea;2
andrew;1
andy;1
anesthetize;1
angel;1
angle;1
angry;7
aniline;2
animal;4
ankle;1
annoy;1
annoying;1
annually;1
anode;3
anonymous;2
answer;28
ant;2
anthony;1
anthrax;1
anti;3
anticipate;2
anticipation;1
antiemetic;1
antique;1
antitussive;1
antonio;1
anus;1
anxiety;1
anybody;28
anymore;25
anyplace;1
anytime;8
anyways;5
apart;3
apartment;4
apd;7
apocalypse;1
apologetic;1
apologize;15
apology;7
apparent;1
apparently;15
appeal;1
appear;5
appearance;5
appetite;1
applaud;1
applause;1
apple;4
appliance;3
application;2
apply;6
appointement;1
appointment;4
appreciate;22
apprehend;1
apprise;1
approach;3
april;2
aqueous;2
arab;1
arbitrary;1
arcade;1
arch;1
archuleta;2
archy;1
area;4
aren;15
argue;7
argument;1
arizona;2
arm;12
armada;1
armpit;2
army;1
arouse;1
arrange;1
arrangement;2
arrest;21
arrival;2
arrive;6
arrow;4
arroyo;2
art;9
article;2
artificially;1
artillery;1
artist;3
asac;3
asap;2
ascertain;1
ashamed;1
ashtray;1
asian;2
aside;2
ask;108
asleep;6
aspect;2
ass;78
assailant;1
assassin;2
assassinate;1
assassination;1
assault;2
assembly;1
asset;4
asshole;14
assignment;1
assist;1
assistance;1
assistant;7
associate;14
assume;9
assurance;2
assure;5
astronomer;3
astronomical;1
asylum;1
asystole;1
atm;9
atom;2
atta;1
attach;1
attack;11
attend;3
attention;11
attentive;1
attorney;8
attract;2
attraction;1
auditor;1
aunt;18
australia;2
authority;2
authorization;1
authorize;2
auto;1
automatic;1
automatically;1
automobile;1
autopsy;3
autotransformer;1
available;3
avenue;1
average;3
avoid;3
aw;3
await;1
awake;8
award;1
aware;2
away;37
awe;1
awesome;17
awful;4
ax;6
axis;1
ay;1
b;13
babe;5
baby;72
babysit;2
bachelor;1
back;1
background;3
backroom;1
backslid;1
backup;6
backwardo;1
backwards;4
backyard;4
bacon;5
bacteria;1
bad;86
badass;1
badge;3
badger;30
badly;1
bag;20
bagger;1
bail;3
bake;2
balance;2
bald;2
balder;1
bale;1
ball;14
balloon;3
bam;3
banana;2
band;3
bandage;1
banditos;1
bandy;1
bang;9
banger;1
bank;8
bankroll;1
bankrupt;1
bankruptcy;1
bar;18
barbaric;1
barely;10
bargain;1
bark;1
barn;2
barnyard;1
barrel;5
barry;2
bartender;1
base;7
baseball;1
basement;11
basic;5
basically;5
basis;3
basket;3
bassinet;2
bastard;18
bat;2
batch;14
bath;7
bathroom;15
bathtub;4
batter;1
battery;13
battle;2
bay;1
beach;1
beachcomber;1
beaker;5
beam;1
bean;12
beaner;2
beanstalk;1
bear;8
beast;1
beat;17
beatin;1
beaucoup;1
beaut;1
beautiful;19
beautifully;1
beauty;1
becky;1
bed;18
bedpan;1
bedroom;7
bedtime;1
beef;1
beep;6
beer;20
beg;4
begin;15
begorrah;1
behave;1
behavior;3
behavioral;1
behind;1
beige;2
being;1
belarus;1
believable;1
believe;55
bell;8
belly;2
belong;9
ben;3
bench;2
beneath;1
benefactor;2
benefit;3
beneke;15
benji;1
bent;2
bentley;1
benzene;1
berklee;1
bernalillo;1
berth;1
bet;25
beverage;1
bewilder;1
biatch;3
bib;1
bible;1
bicycle;3
bid;2
bide;1
big;116
bike;3
biker;2
bilaterally;1
bill;18
billable;1
billing;1
billion;1
billionth;1
bin;5
bind;4
bingo;2
biology;1
bird;4
birth;7
birthday;22
bishop;1
bit;13
bitch;65
bite;8
bitterness;1
bivalve;1
blab;1
black;16
blackjack;2
blackmail;6
blackout;1
bladder;1
blah;8
blame;8
blanca;1
blast;1
blaze;1
bleach;1
bleed;9
blender;1
bless;2
blind;4
blink;4
block;6
blonde;1
blood;15
blooded;2
bloodhound;1
bloodshed;1
bloody;2
bloom;1
blow;10
blowback;1
blowfish;13
blowfishe;1
blue;39
bluff;2
blunt;1
bo;1
board;4
boat;3
bode;1
bodega;1
body;16
boeing;1
boetticher;1
bog;1
bogarte;1
bogdan;5
boil;7
bold;2
bolt;2
bomb;15
bombshell;1
bond;18
bone;5
bonehead;1
boner;1
bong;1
bonnie;1
bonus;1
boo;2
book;12
bookkeeper;4
bookmobile;1
boom;5
boonie;4
boost;5
booster;1
boot;4
booth;1
booty;2
border;11
bore;4
borrow;2
boss;14
bother;4
bottle;6
bottleneck;1
boulevard;1
bounce;11
bounder;2
bout;1
bow;1
bowie;1
bowl;6
box;13
boy;48
boz;3
bozo;1
bp;1
brachial;1
bradley;1
brain;15
brainer;1
brainstorm;1
brake;17
bran;2
branch;1
brand;2
brandon;11
branson;1
brass;4
brassiere;1
bravenec;1
bravo;3
brawn;1
bread;1
break;62
breakage;3
breaker;2
breakfast;11
breast;3
breath;12
breathe;15
breed;1
breeze;2
breezy;1
brew;4
brey;10
bribe;2
brick;3
bridge;1
briefly;2
bright;4
brighten;1
brilliant;5
bring;73
bro;14
brock;8
brother;53
brown;4
brownie;1
brownish;1
bruce;1
bruise;1
brush;1
btus;1
bubble;1
buck;11
buckle;2
buddy;27
bueller;1
bueno;1
bug;8
buggy;2
bugsy;1
buick;1
build;17
bulgarian;1
bulk;4
bullet;11
bullethead;1
bullshit;18
bullshitter;1
bum;4
bummer;1
bump;9
bumper;2
bun;1
bunch;10
bundle;1
bunsen;2
bureau;1
burger;1
burglar;1
burn;15
burner;2
burst;1
bury;3
bus;4
bush;3
business;74
businessman;7
bust;17
buster;1
busy;13
butcher;2
butt;6
butter;1
buttload;1
button;2
buy;64
buyer;2
buyin;1
buzz;7
buzzard;3
buzzer;5
bye;16
c;12
cab;1
cabbage;1
cabeza;3
cable;3
cacti;1
caddy;1
cafeteria;1
cake;3
cakewalk;1
cal;2
calamity;1
calcium;5
calculate;1
calendar;2
cali;1
caliber;1
calibrate;1
caliente;1
california;1
call;85
caller;1
calm;10
calma;3
camel;1
camera;4
camp;2
camper;3
camry;1
can;1
canada;4
canary;1
cancer;37
candle;4
candy;3
cankenstein;1
canterna;2
cantillo;1
cap;4
capable;5
capacity;2
capital;2
capone;1
captain;3
car;58
cara;3
carat;1
carbon;12
card;23
cardio;1
care;56
career;4
careful;10
carefully;3
careless;1
carelessness;1
cargo;1
carlo;3
carman;10
carpentry;1
carrot;2
carry;5
cartel;11
casa;2
case;29
cash;26
cashier;2
casino;4
castle;1
castor;1
casual;1
casualty;2
cat;3
catalog;1
catalyst;2
catch;33
cathode;3
caucasian;1
cause;53
caution;1
cautious;10
cavanaugh;1
cave;4
cease;1
ceiling;1
celebrate;4
cell;37
cellar;2
cellblock;1
cellphone;2
cent;4
center;10
central;3
century;2
ceramic;1
cereal;1
cerebral;1
ceremony;1
certain;13
certainly;14
chad;2
chain;2
chair;3
chalkboard;1
challenge;2
chamber;1
champ;1
champagne;1
chance;25
chancy;1
change;62
channel;10
chaos;1
chapel;1
chapter;2
character;3
charge;20
charity;10
charlie;1
charlton;1
charming;2
chart;2
charter;1
chase;6
chauffeur;1
cheap;1
cheat;2
check;71
checkbook;2
cheddar;4
cheek;1
cheer;8
cheese;8
cheeto;1
chef;2
chem;1
chemical;18
chemically;3
chemist;6
chemistry;34
chemo;5
chemotherapy;4
cherry;1
chest;6
chevrolet;1
chevy;2
chick;3
chicken;8
chickie;1
chiclet;1
chief;5
child;17
childhood;1
chilean;1
chili;9
chilie;1
chill;8
china;2
chinese;7
chink;1
chip;5
chiral;2
chirality;2
chiropractor;1
chivo;1
chocolate;3
chocolatey;1
choice;13
choir;1
choke;2
cholesterol;2
choose;8
chop;3
chopper;1
chord;1
chow;2
christ;19
christian;4
christmas;5
chrysanthemum;2
chump;2
church;5
churn;1
churro;1
cibola;1
cigar;1
cigarette;5
cinco;1
cinder;1
circle;1
circuit;1
circulation;1
circumstance;3
circus;1
cite;1
citizen;2
city;9
civil;1
claim;2
clap;1
clapton;2
clarify;1
class;12
classical;2
classify;1
classy;2
claw;1
clay;1
clean;41
clear;29
clearly;9
cleavage;3
cliché;1
client;12
clientele;1
climactic;1
climate;1
climb;7
clinton;1
clo;1
clock;3
close;36
closely;1
closet;4
clothe;2
clothing;3
cloud;1
cloudy;6
clovis;3
clown;6
club;2
clue;3
clumsy;1
co;1
coast;1
coat;1
cocaine;4
cockroach;1
cocky;1
code;3
coffee;10
coffin;1
coffman;1
coin;10
cojone;1
coke;2
cold;8
colder;1
cole;1
collapse;1
collateral;2
colleague;1
collect;1
collection;3
college;9
collision;4
colombian;1
colonel;1
color;8
colorado;3
columbus;1
column;1
com;35
combination;2
combine;1
combo;16
come;445
comen;1
comfort;4
comfortable;8
comfortably;1
coming;1
comma;1
commando;1
commemorative;1
commerce;1
commercial;3
commit;2
commitment;1
commodity;1
common;3
communicate;2
communication;2
community;3
commutator;1
company;12
compassion;1
compel;1
competitor;1
complae;2
complain;3
complaint;2
complete;7
completely;19
completion;1
complex;1
complicate;3
compound;3
comprende;1
compression;3
compressor;1
compromise;2
compute;1
computer;2
conceal;1
concentrate;3
concept;2
concern;19
conclusion;2
concur;1
concussion;1
condensation;1
condenser;2
condition;9
condo;2
conduct;1
conference;3
confidence;2
confident;1
confidential;2
confidentiality;1
configuration;1
confirm;2
confirmation;1
confuse;2
confusion;3
congenital;1
congrat;1
congratulation;15
conjecture;5
connect;4
connection;5
conquistador;1
conscience;1
consciousness;1
consent;1
consequence;2
conservatively;1
consider;17
consignment;1
consistent;2
constant;1
constitute;2
constitution;6
contact;16
contain;2
container;2
contaminant;4
contaminate;3
contamination;5
contemptible;1
contingency;1
continue;8
continuity;1
contract;3
contractor;2
contribute;2
contribution;3
control;13
controller;2
contusion;1
convenient;1
conversation;4
converse;1
convict;2
convince;8
coochie;1
cook;115
cookout;1
cool;52
cooper;1
cooperate;2
cop;32
copasetic;1
copper;2
copperfield;1
copy;3
corleone;2
corner;10
cornflake;1
coroner;1
corporate;4
correct;8
correctional;1
correctly;1
corrosion;1
cost;8
costco;1
costner;1
cot;1
cotton;1
couch;1
cough;7
couldn;35
counsel;2
counselor;3
count;19
countdown;1
counter;6
counteract;1
countertop;1
country;5
county;2
couple;41
course;36
court;5
courtesy;9
cousin;17
covalence;1
covalent;1
cover;18
coverage;3
cow;8
cowboy;1
crab;1
crack;4
cracker;1
cranial;2
crank;1
crap;17
crapper;2
crash;13
crave;1
crawl;2
crazy;9
cre;1
cream;4
creamery;1
create;2
creation;1
credibility;1
credit;7
creepy;1
crew;7
crib;8
crime;9
criminal;18
crisis;2
crispie;1
critical;1
criticize;1
critique;1
croak;1
cross;8
crossroad;1
crossword;3
crowd;2
cruel;1
cruise;3
crunch;6
crush;10
crust;1
crusty;1
crutche;3
crux;1
cry;7
crybaby;1
crystal;24
crystallography;2
crème;1
ct;3
cuban;2
cue;1
cueball;1
cuff;1
culpable;1
culture;4
cunne;1
cup;3
curable;1
curb;1
cure;2
curiosity;1
curious;5
curlie;1
currency;1
current;13
currently;9
curriculum;1
curve;1
cushion;1
custody;5
customarily;1
customer;8
cut;32
cute;5
cutlery;1
cuz;1
cyber;1
cycle;1
cynthia;1
czech;1
céline;1
d;189
dad;96
daddy;13
dagger;1
daily;3
damage;3
dammit;1
damn;82
damp;1
dan;1
dance;2
danger;3
dangerous;1
dangerously;1
dank;1
danny;16
dare;3
dark;3
darling;2
darn;2
darth;1
dash;1
date;9
datum;4
daughter;23
dave;7
david;1
dawg;1
dawm;1
day;137
daylight;1
dbaa;4
de;5
dea;39
dead;45
deal;74
dealer;30
dealie;1
dean;1
dear;3
dearly;1
death;15
debate;1
debrief;4
debris;5
debt;2
decay;1
decency;1
decent;9
decide;10
decision;12
declare;1
decline;2
decontaminate;2
decor;1
deed;1
deep;10
deeply;4
deer;1
defect;1
defend;1
defender;1
defense;1
defib;1
deficit;1
definitely;29
degenerate;4
degrade;1
degree;7
dehydrate;1
delay;2
delcavoli;5
delicate;1
delicious;3
delineate;1
deliver;5
delivery;6
demand;3
dementia;1
demo;1
den;1
deniability;2
denise;1
denny;1
dent;3
dental;1
deny;6
department;9
depend;4
dependable;1
deposit;6
depress;3
derek;1
derive;1
descend;1
describe;2
description;1
desert;6
deserve;7
design;3
designer;1
desire;2
desk;4
desktop;1
desperate;3
desperately;1
destroy;6
destruct;1
detach;1
detail;13
detain;1
detective;1
detector;1
detergent;1
determination;1
determine;2
detour;1
deuce;1
device;2
devil;5
diagnose;1
diagnosis;3
diagnostic;1
diagram;1
dial;4
dialogue;1
diameter;1
diamond;9
diaper;7
diaphoretic;1
dib;1
dice;1
dick;6
dicke;2
dickwad;1
diddle;1
didn;167
die;23
diesel;4
diet;1
difference;7
different;19
differently;1
difficult;2
dig;8
diggish;1
digress;1
diligence;1
dim;1
dime;5
dine;2
dinge;1
dinner;25
diolefin;1
dion;1
dioxide;3
dip;1
dipshit;1
direct;4
direction;2
directly;1
dirt;7
dirtbag;1
dirtball;2
dirty;5
dis;2
disable;1
disagree;1
disagreement;1
disappear;10
disappearance;4
disappoint;2
disappointing;1
disappointment;1
disarm;1
disassociate;1
disaster;7
disbarment;1
disc;2
discernible;1
discharge;1
disclose;1
disclosure;1
discomfort;2
disconnect;1
discount;3
discourse;1
discovery;2
discuss;16
discussion;2
disease;2
disgusting;1
dish;2
disincorporation;1
disorient;1
disposal;3
dispute;3
disregard;1
disrespect;2
disrespectful;1
dissolution;1
dissolve;2
distance;3
distillate;1
distillation;1
distinction;1
distinctive;1
distinguish;2
distribution;6
distributor;5
district;2
disturb;1
disturbance;2
ditch;4
divide;2
division;3
divorce;10
divorced;4
dizzy;1
dl;1
dmv;4
dmz;1
doable;1
dobkin;2
doctor;24
doctorate;1
doesn;78
dog;12
dolby;1
dollar;29
domain;1
domestic;2
domicile;4
domingo;4
don;687
donald;4
donation;8
doo;5
door;38
doorstep;1
dope;7
dopey;1
dosage;1
dose;1
dot;1
double;10
doubt;4
doubtful;1
douche;3
douchebag;1
dough;1
doughnut;1
down;3
downer;1
downstair;5
downtown;2
doze;4
dozen;2
dr;9
drab;2
draft;2
drag;3
drain;1
drakkar;1
drama;1
dramatic;1
drank;1
drano;1
draw;6
drawer;3
dream;6
dreamy;1
dreck;1
dress;5
drib;2
drill;4
drink;11
drivable;1
drive;46
driver;3
driveway;3
drop;27
drown;1
drug;58
druggie;1
druggy;1
drugstore;2
drum;2
drunk;4
dry;6
dryer;1
dually;1
duck;6
duct;1
dud;1
dude;68
due;1
duffel;1
duh;1
duke;2
dumb;9
dumbass;3
dumbest;1
dummy;1
dump;6
dumpster;1
dune;2
dunno;1
dysfunction;1
e;3
eager;2
ear;10
earful;2
early;18
earn;18
earning;1
earth;2
earthly;2
ease;2
easily;1
east;3
eastern;1
easy;46
eat;31
eater;2
ebola;3
echinacea;1
echo;1
economic;1
economically;1
economy;5
ecstatic;1
edge;4
edgewise;1
editor;1
educate;1
education;4
educator;1
edward;2
effect;4
effective;5
efficacy;1
efficiency;1
effort;1
egg;2
eh;1
einstein;1
el;21
elaborate;1
elaine;1
elbow;2
eld;1
electric;1
electricity;1
electrolyte;5
electrolytically;1
electron;1
electronic;1
element;5
elementary;1
elephant;2
elliot;3
elliott;28
em;25
embarrass;1
embarrassed;2
emergency;5
emeril;1
emetic;2
emilio;17
emotion;2
emotional;2
emotionally;1
empire;1
employ;2
employee;4
employer;3
emts;1
enchantment;2
encumber;1
end;43
endless;1
endorsement;1
enemy;4
energy;9
enforcement;5
enforcer;1
engage;2
engine;1
english;3
enjoy;10
enlighten;2
enormous;4
enter;6
enterprise;1
entertain;1
entie;1
entire;30
entitle;1
entry;5
environment;1
environmental;1
envy;1
ephedrine;1
epileptic;1
episode;1
epperman;1
equipment;13
equity;1
eraser;1
erectile;1
eric;1
erlenmeyer;3
erotic;1
errand;2
errol;1
error;2
escalate;5
escape;2
escobar;2
ese;6
esmeralda;5
esophagus;1
español;1
especially;5
establish;2
establishment;1
estate;3
estrange;3
ether;1
eu;13
europe;1
evaluation;1
evaporation;1
evasion;1
evasive;1
evening;2
event;4
eventually;3
everybody;37
everyday;2
evidence;7
evil;1
evoke;1
ex;3
exact;4
exactly;57
example;4
excellent;11
exception;3
exchange;1
excite;2
excitement;1
exciting;2
excuse;33
execution;1
executive;1
exercise;2
exfoliate;1
exhibit;1
exhibition;1
exist;8
existent;1
exit;4
expand;3
expect;19
expectation;4
expense;1
expensive;8
experience;10
experiential;1
experimentation;1
expert;3
expertise;1
expire;1
explain;15
explanation;3
explicitly;1
exploit;2
exploratory;1
explore;1
explosion;6
explosive;1
exponential;3
expose;2
exposure;1
express;6
expression;1
extend;5
extension;2
extenuate;1
exterminator;1
extra;7
extraction;1
extradite;1
extraordinaire;1
extraordinarily;2
extravagant;1
extremely;6
exuberant;1
exxon;1
eye;33
eyeball;1
eyebrow;2
f;2
faa;3
fabricator;2
fabulous;1
face;42
facilitate;1
fact;22
factor;2
factory;3
faculty;3
faggot;1
fail;2
fair;14
fairly;5
fairness;1
fairy;1
faith;1
fake;5
fall;14
fallacy;2
fallujah;1
false;2
fame;1
familiar;2
family;86
famous;1
fan;2
fancy;3
fannie;1
fantastic;6
fantasy;1
far;28
farley;1
farmington;2
fart;1
fascinating;2
fashion;1
fast;16
fastback;1
fastidiousness;1
fat;15
fateful;1
father;11
fatigue;1
fatten;1
fault;15
faulty;2
faux;1
favor;13
favorite;3
fbi;2
fe;8
fear;8
feature;2
fed;7
federal;4
federale;2
fee;3
feed;7
feedback;1
feel;97
feeler;1
feeling;4
fellow;3
felonious;1
felony;5
female;5
femur;1
fence;4
feng;1
fetish;1
fiber;1
fiction;2
fidc;1
field;5
fifth;1
fig;2
fight;14
figure;33
file;5
fill;1
filter;3
filth;1
filthy;2
filtration;1
final;5
finally;18
finance;2
financial;2
find;124
fine;98
finger;4
fingerprint;2
finish;15
fire;17
firearm;2
firecracker;5
fish;7
fiste;1
fit;8
fix;13
fixable;1
fixate;1
fixer;1
fixture;2
flame;2
flare;1
flash;1
flashlight;1
flask;12
flat;10
flatbe;1
flaw;3
fleet;1
flexible;1
flight;7
flimsy;1
flip;7
float;1
flomax;1
flood;4
floor;11
flour;1
flow;5
flower;2
flu;4
fluid;3
flunk;2
flunky;1
flush;4
flute;1
fly;21
flynn;19
flyswatter;1
fo;1
focus;7
fold;2
folk;12
follow;20
food;12
fool;5
foolish;2
foot;19
football;4
footie;1
forbid;3
force;7
foresee;1
foreseeable;3
forest;4
forever;9
forget;20
forgive;3
forgot;7
fork;4
form;8
formula;9
forniture;1
forom;20
forth;1
forthright;1
fortunately;1
fortune;1
forward;5
fos;1
fountain;1
fourteen;1
fourth;2
fr;20
fraction;2
frame;1
fran;1
francesca;3
frankly;2
fraud;1
freak;8
freakin;6
freaky;3
fredo;1
free;16
freebie;2
freedom;3
freeze;3
freezer;1
frenzy;1
fresh;4
freshen;2
fresher;1
freshest;1
fresno;1
frickin;3
friction;1
friday;10
fridge;2
friend;23
friendly;1
friendship;1
friggin;4
frighten;1
fring;6
frisky;1
fruit;2
fruitful;1
fruity;1
frustrate;1
frustration;3
fuck;6
fucking;7
fuel;2
fugue;7
fully;4
fulminate;1
fulminative;1
fume;2
fumigate;1
fun;7
function;2
fund;6
funeral;4
fungus;1
funnel;2
funny;11
funyun;5
furnace;3
furniture;6
furthermore;1
futile;1
future;13
fuzzy;2
g;5
gag;1
gai;1
gak;1
gal;5
gale;12
gallardo;1
gallon;7
gallup;1
galvanic;1
galvanize;3
gambit;1
gamble;1
gambling;5
game;15
gander;1
gang;4
gangbang;1
gangster;1
ganja;1
gap;1
garage;6
garbage;6
garden;1
gardiner;1
garlic;2
gas;16
gasparza;1
gate;3
gateway;2
gather;3
gatorade;1
gauge;1
gavet;1
gay;1
ge;1
gear;5
gee;5
gel;1
gene;1
general;5
generate;4
generator;1
generous;2
generously;1
genetic;1
genie;1
genius;5
genny;1
gentleman;13
george;2
georgetown;2
georgia;6
germ;1
german;1
gertrude;2
gesture;1
get;612
get to;76
ghetto;1
giant;6
gift;9
ginny;2
ginormous;1
girl;28
girlfriend;6
give;59
glad;16
glamour;1
glare;2
glass;20
glassware;3
glide;2
global;1
glock;1
glove;1
glow;1
glue;2
glynco;1
go;433
go to;195
god;146
goddamn;1
goddamne;1
going;1
gold;5
goldberg;1
golden;3
gomey;1
gomez;3
gomie;18
gong;1
gonzo;16
goo;1
good;459
goodbye;1
goodman;12
goody;1
gor;1
gordie;1
gordon;1
gorgeous;2
gory;1
gotcha;1
government;6
gps;1
grab;14
grabber;1
grabby;1
gracia;1
grad;1
grade;6
gradual;1
graduate;2
graduation;1
gram;5
grand;20
granddad;1
granddaughter;1
grandma;7
grandpa;1
granite;1
granny;1
grant;4
grape;2
grapefruit;2
graphite;1
grasp;2
grateful;2
gratis;1
gratitude;1
gravel;1
gravely;1
gravitate;1
gravity;1
gray;6
grease;2
great;79
greatly;1
greedy;5
greek;1
green;13
grenade;1
gretchen;20
grieve;2
griffin;2
grill;6
grind;2
grocery;2
gross;1
groucho;2
ground;7
groundhog;1
groundskeeper;1
group;5
grow;15
grown;4
growth;5
gruesome;1
grunt;1
gs;1
guarantee;1
guard;2
guardedly;1
guardian;1
guess;79
guest;3
guilt;3
guilty;5
guinness;1
gulp;1
gum;1
gun;35
gunk;1
gunshot;3
gus;6
gustav;2
gustavo;4
gut;2
guy;218
gym;1
h;5
habit;2
hacker;1
hadn;3
hag;1
hagen;1
hail;1
hailstone;1
hair;15
half;45
halfway;2
hall;6
hallway;1
hamburger;3
hammacher;1
hammer;3
hand;57
handful;1
handicapped;1
handle;14
handsome;2
handy;1
hang;28
hangover;1
hank;106
happen;111
happily;3
happiness;1
happy;32
harass;2
harassment;1
hard;40
hardly;1
hardware;1
hardwood;1
harm;1
harmless;1
harsh;1
hartwell;2
hash;2
hasn;6
hat;3
hate;16
hatred;1
haul;3
haunch;1
haunt;2
haute;1
have;31
haven;32
haw;1
hay;2
hazard;1
hazeltine;1
head;82
headache;1
headcheese;1
headlight;1
headphone;1
headquarter;1
headway;1
heal;3
health;13
healthwise;1
healthy;5
hear;119
hearsay;1
heart;12
heartburn;1
hearted;1
hearty;1
heat;6
heater;2
heaven;1
heavy;9
heck;1
hectic;1
height;3
heil;1
heisenberg;35
helicopter;2
hell;145
hellfire;1
hello;36
helmet;1
help;98
helpful;4
hem;1
hematoma;1
hemoglobin;2
hen;1
henchman;1
henry;1
herb;2
hermano;5
hernia;1
hero;9
heroin;4
hesitate;1
heston;1
hey;158
hi;31
hiccup;1
hide;10
high;58
highly;2
highway;2
hijack;1
hilarious;3
hill;2
hint;3
hip;3
hippocampus;1
hire;12
history;7
hit;46
hitchhike;1
hither;1
hitler;1
hitter;2
hittin;1
hmm;2
hmo;2
hoax;1
hobby;1
hoffa;1
hoffman;1
hog;1
hold;46
holder;1
holdin;1
holdup;1
hole;13
holistic;1
holler;2
hollow;1
holly;14
holy;7
home;105
homeboy;1
homeless;1
homer;1
homework;3
homicidal;1
homicide;2
homie;4
homo;1
honest;10
honestly;9
honesty;1
honey;48
honking;1
honor;2
hoo;1
hood;3
hoof;1
hook;9
hoop;1
hop;1
hope;35
hopeful;5
hopefully;3
hopeless;2
hopper;1
hormone;1
horn;2
horrible;2
horror;3
horse;3
hospital;23
hostage;1
hostess;1
hot;14
hotdog;2
hotel;1
hotline;1
hotter;1
houdini;1
hour;48
hourly;2
house;104
household;2
houseplant;1
housewarme;1
housing;2
hover;1
howitzer;1
hr;1
huevos;1
hug;2
huge;3
hugo;9
huh;66
hum;1
human;8
humanity;1
humble;1
humbly;1
humiliate;1
humor;2
hump;1
hunch;1
hundred;2
hung;1
hungry;12
hunt;1
hurry;8
hurt;14
husband;29
hush;5
hy;1
hydrate;1
hydride;1
hydrofluoric;2
hydrogen;3
hydrous;1
hydroxide;2
hyena;1
hypo;1
ice;13
icebreaker;2
id;1
idea;40
ident;2
identical;1
identify;7
identity;2
idiot;3
idle;1
ied;1
ignacio;1
ignition;4
ignorance;1
ignore;3
ii;2
illegal;9
illegally;1
illicit;1
illness;1
illusion;1
image;7
imaginable;1
imaginary;1
imaginative;1
imagine;6
imbecile;1
imbecility;1
immediate;2
immediately;6
immune;1
impact;2
impeccable;1
imply;1
import;1
important;14
impression;1
imprint;1
improper;1
improve;3
improvement;1
impunity;1
in;1
inactive;1
incalculable;1
inch;6
incident;2
incline;1
include;5
income;1
incoming;2
inconspicuous;1
inconvenience;2
incorporate;1
increase;2
incredible;2
incredibly;1
incriminate;1
indefinite;1
indefinitely;1
indenture;1
independent;1
indestructible;1
indian;1
indic;1
indicate;4
indication;1
individual;7
industry;1
inevitable;1
infantilize;1
infect;1
infer;3
inferior;2
inflammation;2
inflation;2
inflict;1
inform;2
informant;3
information;8
infrastructure;1
ingredient;5
inhale;1
inhaler;1
iniquity;1
initial;1
initiation;1
initiative;2
inject;1
injun;1
injure;2
ink;3
inkle;1
inlay;1
inmate;1
innocence;2
innocent;4
inoperable;3
input;1
inquiry;1
inroad;1
insane;6
insanely;1
inside;30
insignificant;1
insist;1
insistent;1
inspection;1
inspirational;1
inspire;1
installation;1
installment;1
instance;6
instantaneously;1
instantly;1
instead;4
institute;1
institution;1
instruct;1
instruction;2
instructor;1
insult;1
insurance;12
insure;1
insurer;1
intake;2
integration;2
intend;6
interact;2
interaction;2
interdiction;4
interest;13
interested;8
interesting;8
interfere;1
interior;1
internet;3
interpretation;2
interrupt;2
interruptus;1
interval;1
intervene;2
intervention;4
interview;1
interweave;1
intestinal;1
intestine;1
intimidate;2
intimidation;1
intro;2
introduce;4
introduction;1
invent;5
invention;1
inventory;8
invest;3
investigate;4
investigation;7
investigator;1
investment;6
invitation;3
invite;2
invoice;1
involve;10
involvement;1
ionic;3
iraq;1
ireland;1
irish;3
iroc;1
iron;7
ironical;1
ironically;1
irrelevant;1
irritated;1
irritation;1
irs;3
ish;1
island;2
isn;52
isolate;1
isomer;2
issue;21
item;7
iv;1
j;3
jack;12
jacket;1
jackoff;1
jackpot;1
jackson;7
jail;12
jake;2
james;5
jane;14
janet;1
janice;4
janitor;1
jar;2
javelina;1
jaw;1
jay;1
jazz;2
jealous;2
jean;2
jeez;6
jefe;1
jefferson;1
jeffrey;1
jehovah;1
jelly;2
jerk;6
jersey;1
jesse;118
jesus;59
jesús;1
jet;1
jeter;1
jethro;1
jew;1
jewelry;1
jhps;1
jib;1
jibbhead;1
jim;1
jimmy;9
joan;2
job;46
joey;1
jog;1
join;2
joint;2
jointly;1
joke;11
joker;1
jolly;1
journal;3
journalist;1
joy;1
jr;12
juan;3
juanita;1
juarez;2
judge;8
judgment;9
judgmental;1
jug;1
juice;10
juicy;1
julie;1
juliet;4
julius;1
july;3
jump;8
jumpsuit;2
june;1
jungle;2
junior;20
junkie;14
junkyard;3
justice;1
justifiable;1
justifie;1
juvie;1
juárez;2
k;2
kafkaesque;3
kanga;3
kangaroo;2
kdk;4
keca;2
keeffe;6
keel;1
keep;38
keeper;1
keith;1
keller;5
ketchup;1
kevin;4
kevlar;1
key;24
kfc;1
kgb;1
khakis;1
kick;35
kid;78
kiddo;1
kidney;1
kilkelly;3
kill;70
killer;6
kim;1
kind;98
kinda;5
kindergarten;1
kindly;1
kindness;3
king;7
kingair;1
kingpin;2
kirtland;1
kiss;5
kit;1
kitchen;6
kjeldahl;2
kleenex;1
kleinman;3
kleptomaniac;2
knee;8
kneecap;1
kneel;3
knife;6
knight;2
knobjob;1
knock;21
knockoff;1
knockout;1
know;923
knowledge;4
kob;1
kotter;1
koyama;2
kraze;1
krazy;14
kub;1
kurtz;1
l;3
lab;42
label;1
labor;6
laboratory;3
labware;1
lack;3
ladder;2
lady;16
lainie;1
lalique;1
lalo;2
lame;6
land;4
lane;2
laredo;2
large;12
las;1
laser;13
lastly;1
late;33
lately;22
later;29
latino;1
laugh;1
laughingly;1
launder;16
laundromat;3
laundry;3
laureate;1
law;54
lawless;1
lawn;2
lawyer;23
lay;16
layer;4
layman;1
laziest;1
lazy;1
lcd;1
ldpe;2
le;1
leach;1
lead;11
leader;1
leadership;1
leaf;1
league;2
leak;5
lean;3
learn;24
learner;1
learnin;1
leave;148
lecture;3
leftover;1
leg;18
legal;9
legally;1
legend;1
legit;1
lego;1
len;1
lend;1
leno;1
lesson;2
let;232
letter;5
level;23
leverage;3
lex;1
lexus;1
li;1
liaison;2
liar;4
libertarian;1
license;7
lick;3
lid;2
lie;24
lieutenant;1
life;48
lifeblood;1
lifeguard;1
lifetime;1
lift;7
light;22
lighten;1
lightish;1
lightweight;2
like;651
likely;5
likeness;1
likewise;1
limb;3
lime;1
limit;2
line;20
liner;1
linger;1
lingo;1
link;1
linkas;1
lip;2
liquor;1
list;15
listen;115
liter;4
literally;1
litlle;1
litter;4
little;156
live;64
liver;2
lizard;1
ll;419
lo;1
load;7
loaf;2
loan;3
lobectomy;2
lobster;1
local;6
locally;1
location;2
lock;15
locker;1
lockup;1
loco;3
lodge;4
lojack;1
loky;1
lolly;1
lone;2
long;87
loo;1
look;382
lookit;2
looky;1
loophole;2
loose;6
lord;3
los;12
lose;43
loser;3
loss;8
lot;64
lottery;1
loud;2
louder;1
louis;18
lousy;3
love;58
lovely;2
lovin;1
low;19
lower;3
lowlife;1
lowrider;2
loyal;1
lsd;4
lubalox;1
lucid;1
luck;18
lucky;10
lucy;1
lug;1
lukewarm;1
lullaby;1
lumpectomy;1
luna;3
lunatic;4
lunch;8
lung;15
lunge;1
lure;1
luthor;1
lymph;2
lysol;1
m;854
ma;12
mach;1
machine;9
machinegun;1
mad;16
mae;1
maestro;2
magazine;2
magic;8
magical;2
magnitude;1
magnum;1
maiden;1
mail;4
mailbox;2
mailman;1
main;3
mainly;2
maintain;5
maintainer;1
maintenance;2
major;8
majorly;1
make;61
male;1
mall;2
malverde;1
mama;9
mamita;1
man;323
manage;13
management;1
manager;6
maneuver;1
manger;1
manhunt;1
maniac;2
manipulate;1
manner;2
mannere;1
manson;1
mantle;1
manual;1
manufacture;4
manufacturer;2
map;1
mar;7
march;1
margaret;1
margarita;1
margin;2
margo;2
margoli;7
marie;69
marijuana;11
marina;1
marine;1
mark;7
marker;1
market;9
marriage;2
marry;11
mart;2
mary;1
mash;1
mask;4
mass;3
massage;1
massive;1
master;9
mastercard;3
mastermind;1
masturbate;1
masturbation;1
masturbator;1
match;3
matchbook;1
material;2
math;2
mathematically;1
mathematician;1
matic;1
matt;2
matter;43
mattress;1
maury;1
maximum;2
maybe;153
mayhew;8
mayo;1
mayonnaise;1
mañana;2
mcgill;1
meal;6
mean;316
meantime;4
measure;4
meat;4
mechanic;1
mechanism;1
med;3
median;1
medical;13
medically;1
medicate;1
medication;4
medicine;3
mediocre;1
medium;5
meet;64
meeting;4
mel;5
melinda;1
melon;1
melt;2
member;2
memo;1
memory;8
memphis;1
menaul;1
mend;1
mentally;1
menthe;1
mention;7
menudo;1
mercuric;1
mercury;4
merkert;3
mescal;2
mess;21
messag;1
message;24
metal;4
metaphor;1
metastasis;1
metastasize;1
meter;1
meth;78
methamphetamine;10
method;2
methyl;1
methylamine;13
meticulousness;1
mexican;8
mexico;13
miami;1
mic;1
michelangelo;1
michvanilly;22
microwave;1
mid;5
middle;9
midlife;1
midsection;1
mighty;1
mike;7
mil;1
mild;4
mildly;2
mile;13
milf;2
milk;2
milligram;1
milliliter;5
millimeter;3
million;31
millionaire;1
millionth;1
mind;52
mini;1
minimalist;1
minneapolis;1
minnesota;1
minnow;1
minor;2
mint;4
minus;6
minute;64
mira;1
miracle;1
mirror;3
miscall;1
misconception;1
miserable;5
misread;1
miss;39
mission;1
missouri;1
mistake;17
mister;1
misunderstand;3
misuse;1
mix;5
mm;1
mo;2
moan;1
mobile;1
mockingbird;3
model;2
modern;1
modicum;1
modification;1
modify;1
mofos;1
moist;1
moisture;2
mold;1
mole;3
molecular;1
molecule;3
molina;1
moll;3
mom;43
moment;17
momentarily;1
mommy;9
mon;2
monday;5
money;163
monitor;2
monk;1
monkey;3
monoalkene;1
montana;1
monte;3
montezuma;1
month;56
moo;1
mood;2
moody;1
moon;2
moral;2
morally;1
morgo;1
morgue;2
morning;45
moron;2
moronic;4
mortgage;5
mosaic;1
moses;1
mosquito;2
mother;29
motherfucker;2
motherless;1
motivate;1
motivation;1
motivator;1
motor;2
motto;2
mound;1
mount;1
mountain;1
mouse;1
mouth;16
move;26
movement;1
mover;1
movie;6
movin;1
mr;96
mri;2
mrs;9
mucho;1
muerto;1
mug;4
muh;2
mule;3
multi;1
multiple;2
multitask;1
mum;1
murder;11
murderer;1
murray;2
muscle;6
museum;5
music;3
musician;2
musicianship;1
mustache;2
mustard;3
mutual;4
muy;1
myshout;1
mystery;4
mystical;1
méxico;1
n;6
na;2
nab;1
nachos;1
nah;13
nail;3
naked;5
name;12
nameless;1
nana;1
nap;4
narcotic;1
narrow;1
nasty;3
nation;1
national;4
native;2
natural;5
naturally;1
nature;3
nausea;2
nauseate;1
navajo;2
nazi;1
near;5
nearest;3
nearly;6
neat;1
neatly;1
necessarily;4
necessary;6
neck;5
necktie;1
need;270
needle;5
neg;1
negative;3
negligible;1
negotiable;2
negotiate;4
negra;2
neighbor;2
neighborhood;7
neigorhood;1
nelson;1
neo;1
nephew;7
nerd;2
nerdi;1
nerve;2
nescafé;1
ness;2
nest;1
net;4
network;3
neural;1
neuron;1
nevada;3
new;76
newborn;2
newman;1
newport;1
news;39
newspaper;4
nice;76
nickel;1
nickname;2
night;66
nighter;1
nightline;2
nightmare;2
niner;2
nitrate;1
nitrogen;2
nix;1
nob;2
nobel;1
nod;2
nofederale;1
noir;1
noise;1
nomenclature;1
non;14
nonexistent;1
nonrefundable;1
nontoxic;1
noodle;1
noon;1
nope;5
norfolk;1
normal;7
normally;1
north;2
northern;1
nose;8
notarize;1
note;2
notice;17
notify;1
notwithstanding;1
novel;4
npns;1
nsf;1
nu;1
nub;1
nudist;1
nuke;1
number;25
numbnut;1
numeric;1
nurse;3
nursing;1
nut;9
o;20
oakwood;1
oath;1
oberlin;1
obit;1
obligate;1
obliterate;1
oboe;2
obscene;1
obscenity;1
observation;1
observe;1
obsess;1
obsessive;1
obvious;3
obviously;12
occasion;1
occupational;2
occupy;3
occurrence;1
ocean;1
od;1
odd;5
odorless;1
offense;6
offer;31
office;15
officer;12
official;4
officially;4
og;1
oh;145
oil;5
oilier;1
ok;1
okay;328
oklahoma;1
oktoberf;1
ol;2
old;72
olive;1
olympic;1
omelet;3
oncologist;2
oncology;2
one;11
oneself;1
ongoing;6
onion;2
online;1
ono;1
ontario;1
op;4
open;35
opera;1
operate;2
operation;12
operational;1
operator;2
opinion;8
opossum;2
opportunity;6
opposite;2
opr;1
optimal;2
optimism;1
optimistic;2
option;20
orale;2
orange;10
ordeal;1
order;25
oregon;1
organic;2
organize;1
original;1
originality;1
originally;1
ormuerte;1
ortega;4
oscar;1
ostensibly;1
ouch;1
ought;5
oughtta;1
ounce;13
outback;1
outlaw;3
outlook;2
outpatient;1
output;1
outrage;1
outreach;1
outright;2
outside;22
outstanding;2
outta;2
oven;1
overage;1
overall;1
overcome;1
overcomplicate;1
overdose;3
overdrawn;1
overdue;1
overestimate;1
overhead;2
overlap;1
overlook;1
overly;1
overnight;2
overqualifie;1
overslept;2
overstate;1
overweene;1
overwhelm;2
overwhelmed;1
ow;1
owe;21
own;8
owner;10
oxide;2
oxygen;5
oyster;1
p;12
pablo;2
pace;1
pacific;1
pack;15
package;2
packet;1
paco;1
pad;3
padlock;2
page;5
paila;1
pain;8
painful;2
painkiller;1
paint;16
painter;2
painting;3
pair;2
pal;4
palace;3
pale;1
palp;1
palsy;1
pan;1
panache;1
pancake;2
panel;1
panic;1
panini;1
pant;12
pantie;1
paper;17
paperwork;3
par;2
parade;1
paralyze;1
paramedic;1
parameter;1
paranoid;2
paraphernalia;1
pardon;2
parent;5
paris;1
parish;1
park;3
parking;4
parlor;1
part;4
partake;1
parte;1
participate;1
particle;1
particular;8
particularly;2
partner;40
partnership;1
party;19
paso;19
pass;19
past;7
patch;1
patent;1
path;4
pathetic;4
pathetically;1
patient;13
patiently;1
patio;2
patrick;2
patrol;3
patron;1
pattern;1
paul;6
paulson;1
pause;1
pay;74
payback;1
payment;3
paypal;3
payroll;1
pd;1
peace;5
peanut;2
pearlescent;1
pearly;1
peck;1
pedal;1
peddle;2
pee;5
peed;2
peek;1
peekaboo;4
peg;1
peligroso;1
pellet;1
pemberton;1
pen;3
penalize;1
penalty;1
pencil;4
pende;1
pendejo;1
penis;1
penitentiary;1
penny;3
pension;3
people;69
pepper;4
perceive;1
percent;3
perchance;1
perfect;17
perfection;2
perfectly;9
perform;2
perig;1
period;5
periodic;1
peripheral;1
permanent;1
permission;3
persecution;1
persistence;3
person;24
persona;1
personal;7
personally;9
perspective;1
persuasion;1
pertain;1
pertinent;1
peruvian;1
pervert;3
pet;9
pete;7
peter;2
peyketewa;3
ph;1
pharmacy;1
phenyl;2
phenylacetic;1
phenylacetone;1
pheromone;2
phil;1
phoenix;2
phone;91
phosphate;1
phosphine;3
phosphorous;1
phosphorus;3
photo;10
photograph;1
photographer;2
phrase;1
phraseology;1
physical;9
physically;3
piccolo;2
pick;35
picture;18
pie;2
piece;18
piecemeal;1
piercing;1
pig;1
pike;2
pile;1
pill;2
pillow;7
pilot;4
pima;1
pin;5
pinata;1
pinch;3
pink;6
pinkman;62
pipe;8
pipeline;1
piss;10
piston;1
pitch;3
pitcher;1
pizza;4
pièce;1
place;67
placement;2
plain;1
plan;42
plane;4
planet;5
plank;1
planner;1
plasma;3
plastic;6
plate;8
platinum;1
plausible;2
play;29
player;8
playground;1
plaything;1
plead;2
pleasant;1
please;1
pleasure;8
plenty;7
plier;1
plot;1
ploy;2
plug;1
plural;2
plus;19
pneumonitis;3
pocket;11
poem;1
poetic;4
point;45
pointless;2
poison;8
poker;1
pole;1
police;40
policy;2
politic;1
pollero;1
pollos;6
pollutant;1
polyene;1
polyethylene;1
polyphenol;1
poochie;1
poof;1
pookum;1
pool;3
poop;1
poor;11
pop;13
pope;1
populate;1
porch;1
porn;1
portsmouth;1
position;4
positive;19
positivity;1
posse;1
possess;1
possession;2
possibility;2
possible;11
possibly;8
possum;2
post;1
poster;1
postpone;1
pot;20
potassium;2
potato;2
potency;1
potential;3
potentially;2
pothead;1
pottery;2
pouch;3
pounce;1
pound;61
pouty;1
povich;1
powder;6
power;4
powerful;1
practically;7
practice;2
practioner;1
pragmatic;1
praise;1
pray;2
pre;3
preach;2
precaution;1
precious;1
precise;2
precisely;2
precursor;1
predator;1
prednisone;1
prefer;6
preferable;1
pregnant;6
premise;2
premium;2
prepaid;1
preparation;1
prepare;8
presbyterian;1
prescribe;2
prescription;1
presence;3
present;6
preservation;1
president;4
press;12
pressure;6
presume;4
presumption;1
pretend;4
pretty;50
pretzel;1
prevent;1
previous;1
previously;13
prey;2
price;15
pricing;1
prick;2
pride;4
prideful;1
priest;1
primarily;1
prime;3
prince;2
princess;1
principal;2
print;3
printer;1
prior;2
priority;5
prison;17
prisoner;2
prissy;1
privacy;4
private;8
privilege;8
pro;2
probable;8
probably;43
probation;5
probe;1
problem;51
procedure;3
proceed;4
proceeding;1
process;15
prodigal;1
produce;5
producer;1
product;30
production;4
productive;1
professional;10
professionalism;1
professor;1
profile;3
profit;2
profitable;1
profusely;1
program;6
programming;1
project;2
prolong;2
prom;1
promise;18
promote;1
promotion;4
pronounce;2
proof;4
prop;1
propane;1
proper;7
properly;3
property;12
proprietary;1
prosciutto;1
prosecution;1
protect;9
protection;2
protein;2
protest;1
protocol;1
proud;10
prove;8
proverbial;1
provide;13
provider;3
provincial;1
provisional;3
provocation;1
proximity;1
pry;1
pseudo;12
pseudonym;1
psyche;1
psychiatric;1
psycho;7
psychological;1
psychotic;1
pt;1
public;7
publish;2
pudde;1
puff;2
pull;25
pulse;4
pump;1
punch;1
punish;3
punitive;1
punk;5
punke;2
puppet;1
puppy;2
pure;10
purebre;1
purer;1
purge;1
purpose;6
purposely;1
purse;3
pursuant;1
pursue;1
pursuit;1
push;11
puss;1
pussy;4
put;8
putt;2
putty;1
puzzle;4
qb;1
quadrant;1
quaker;1
qualification;2
qualify;3
quality;2
quantico;1
quantie;1
quantity;2
quarter;9
quarterly;3
quentin;1
question;27
quick;13
quicker;1
quickly;3
quiet;11
quieter;1
quinic;1
quit;8
quota;3
quote;2
r;5
rabanne;1
racehorse;1
racket;1
radar;2
radiation;5
radio;3
radiologist;1
rage;1
raid;2
rail;2
railroad;1
rain;7
rainy;2
raise;6
raisin;3
rally;2
ralsto;1
ram;2
raman;1
rampage;1
rancher;1
ranchero;1
ranchos;1
random;3
rang;5
range;3
ranger;1
rank;1
rant;1
rap;2
rapid;1
rare;1
rash;1
rashly;1
raspberry;1
rat;11
ratasnitch;1
rate;6
rational;1
rationalize;1
rattle;1
raw;2
ray;5
razor;1
reach;14
reactant;1
reaction;9
read;11
readily;1
ready;35
real;65
realistically;1
reality;1
realization;1
realize;9
realm;1
reason;24
reasonable;2
reassess;1
rec;1
recall;2
receipt;3
receivable;2
receive;9
recent;5
recently;7
recipe;3
recite;1
recognize;4
recommend;5
recommendation;1
reconciliation;1
reconsider;1
record;15
recover;1
recovery;9
recreational;4
rectum;1
recur;5
recycle;1
red;9
redial;1
redone;1
reduce;1
reducer;1
reduction;3
reductive;1
reefer;1
refer;2
refloat;1
reflux;2
refrain;1
refreshment;2
refrigerator;1
refuse;8
regard;2
regardless;3
regional;1
register;6
registration;3
regret;3
regroup;1
regular;1
regularly;1
regulation;1
rehab;12
rehabilitate;1
reimburse;2
relapse;1
relate;5
relation;3
relational;1
relationship;2
relative;1
relax;17
release;2
relief;1
relieve;1
reload;1
remae;1
remain;4
remainder;1
rember;2
remember;70
remind;6
reminder;2
remission;8
remote;1
remotely;1
remotest;1
remove;3
renew;1
renounce;1
renovate;1
renovation;1
rent;6
rep;1
repair;3
repay;2
replace;1
replacement;3
report;15
represent;8
representation;1
reprisal;1
reproducible;1
republic;1
reputation;1
repute;1
require;2
requirement;1
resale;1
research;3
reservation;1
reserve;1
residence;2
residency;1
residentiary;1
resist;3
resistant;1
resize;1
resolve;1
respect;16
respirator;5
respond;4
responder;1
responsability;1
responsabilty;1
response;1
responsibility;8
responsible;4
rest;27
restaurant;4
restrain;4
result;9
resume;1
retard;4
rethink;1
retire;1
retirement;1
retreat;1
return;19
revenge;3
revenue;8
reverend;1
reverse;1
review;3
revisit;1
revive;1
revolver;1
reward;4
rewindo;1
rewrite;1
rhinoceros;1
rhythm;1
rib;2
ribbon;1
rice;1
rich;9
richard;1
ricin;5
ricky;1
rico;1
rid;3
ride;15
ridiculous;6
rifle;1
right;759
rigid;2
rile;1
ring;15
ringo;2
rip;4
ripe;1
rippin;1
rise;2
risk;8
risky;3
rival;1
river;7
riverdance;1
roach;2
road;18
roam;1
roast;1
rob;6
robbery;1
robert;1
robot;2
rock;10
rocket;2
rocky;1
roger;3
role;1
roll;21
rollick;1
roof;3
room;24
roommate;1
root;4
roswell;1
rot;4
rough;1
round;10
route;2
routine;1
rover;1
row;3
rub;2
rubber;2
rubberneck;1
rude;1
rudimentary;1
rug;1
ruin;6
rule;9
rumor;1
run;77
runner;1
runnin;1
rupture;1
rush;4
russell;2
russian;1
rust;1
rustle;1
rusty;3
rv;45
rvs;1
résistance;1
résumé;1
s;2549
sabbatical;1
saber;1
sac;1
sack;3
sacred;2
sacrifice;1
sacrificial;1
sacrilege;1
sad;1
safe;23
safeguard;1
safely;2
safety;4
sage;4
sail;1
saint;4
sake;9
salad;2
salamanca;11
salary;1
sale;10
salesmanship;2
saline;2
salon;5
salt;1
salvage;1
salvation;1
sample;2
san;2
sand;3
sandal;1
sandblast;1
sandia;1
sandwich;4
santa;8
sappy;1
satellite;2
satin;1
satisfaction;2
satisfied;1
saturday;7
saturn;1
saul;28
sausage;1
save;16
saver;1
savewalterwhite;2
saving;7
savvy;1
say;250
scaggs;3
scale;5
scan;6
scante;3
scar;2
scarce;1
scare;19
scarface;1
scary;7
scenario;6
scene;7
schedule;15
scheme;1
schlemmer;1
schlongus;1
school;45
schrader;24
schraderbrau;1
schwartz;6
science;7
scientific;2
scientist;4
score;5
scorpion;2
scottsdale;1
scout;2
scrabble;2
scrambler;1
scrap;2
scrape;2
scratch;5
scream;1
screech;1
screen;4
screw;18
scrub;1
sculpture;1
scumbag;9
scurry;1
scythe;1
se;1
sea;3
seafood;1
seal;1
search;12
season;3
seat;16
seattle;1
sec;1
second;43
secondhand;1
secondly;1
secrecy;1
secret;11
section;4
secular;1
secure;3
security;6
see;92
seed;2
seek;2
seizure;3
self;11
selfish;1
selfishness;1
sell;82
semester;2
seminar;1
send;18
senior;4
seniority;1
sense;22
senseless;2
sep;1
separate;7
separately;1
series;2
seriessub;13
seriously;51
sermon;1
servant;1
serve;6
service;7
session;4
set;36
setback;2
settle;8
setup;1
seven;8
seventeen;1
seventy;1
sever;2
sex;2
sexual;3
señor;4
sh;1
shack;2
shade;4
shadow;2
shake;6
shaker;2
shall;7
shame;3
shania;2
shank;2
shape;4
shard;1
share;12
shark;1
sharp;3
shatter;1
sheet;4
shelf;2
shell;1
sheriff;1
shh;1
shield;1
shift;1
shine;5
shiny;2
ship;8
shipment;1
shipping;1
shirt;2
shit;85
shitin;1
shitless;2
shittiest;1
shitty;1
shiz;1
shizzle;1
shock;1
shocker;1
shockingly;1
shoddy;1
shoe;6
shoot;19
shooter;1
shootout;1
shop;6
shoplift;3
shoplifter;2
shopping;5
short;12
shortcoming;1
shorthand;1
shorthande;2
shortly;1
shortness;1
shot;43
shoulder;2
shouldn;11
shout;1
shove;2
shovel;1
show;15
shower;8
shre;3
shrimp;1
shrink;2
shrunk;3
shui;1
shut;41
shuttle;1
shy;2
sick;16
sickness;1
side;5
sidekick;1
sideways;2
siegel;1
sierra;1
sight;5
sign;24
signal;3
signature;1
significant;2
signify;1
silence;1
silent;3
silk;1
silky;1
sill;1
silly;1
silver;2
silverware;2
simpatico;1
simple;14
simply;8
sing;6
singe;3
single;3
singular;3
sink;3
sinus;1
sir;39
sister;12
sistine;1
sit;60
site;8
sitter;1
situation;19
sixe;1
sixteen;1
sixth;1
size;12
sizzle;1
siéntete;1
skank;30
skate;1
skater;2
skeevy;1
skeleton;1
ski;2
skid;1
skill;4
skim;2
skimp;1
skin;6
skinnier;1
skinny;15
skip;3
skittish;1
skull;3
skunk;1
sky;15
skyler;83
skymall;2
slack;1
slam;1
slaw;1
sleek;1
sleep;26
sleeplessness;1
sleeve;2
slice;1
slick;1
slide;3
slight;1
slightly;1
slim;1
sling;7
slip;3
slit;1
slob;1
sloppiness;1
slow;17
slowly;2
sludge;1
slung;1
slur;1
slushie;1
smackhead;1
small;17
smart;9
smell;20
smile;1
smoke;30
smoker;1
smooshe;1
smooth;7
smug;1
smuggle;2
smurf;3
snack;1
snag;1
snaking;1
snap;4
snappy;2
snapshot;2
sneak;2
sneaker;1
sneaky;3
sniff;2
sniffer;1
snitch;8
snort;3
snot;3
snowball;1
snuck;3
soak;1
soap;1
sobriety;2
soccer;1
social;1
society;1
socket;1
soda;4
sodium;5
soft;1
softball;1
soldier;2
solicit;1
solicitous;1
solid;7
solo;4
solution;2
solve;1
solvent;1
solver;1
somebody;31
someday;2
someplace;4
son;72
sonar;1
soon;38
sorcher;1
sore;1
sorry;168
sort;16
soul;4
sound;50
soup;2
source;4
sous;13
south;7
southwest;4
space;8
spacious;1
spanish;3
spare;5
sparkly;2
sparse;2
speak;39
special;6
specialty;2
specific;4
specifically;4
speck;1
spectacular;1
speech;5
speed;7
spell;5
spend;27
spice;3
spill;6
spillage;2
spin;5
spine;1
spirit;1
spit;1
spite;1
split;7
splitsville;1
spoil;2
spoke;1
spokesman;1
sponge;4
sponsor;3
spooge;6
spoonful;1
spot;12
spout;1
spray;3
spread;8
spring;1
springer;1
square;2
squash;1
squatter;1
squawk;1
squeak;1
squeaky;1
squeeze;1
squirt;1
stabilize;2
stable;2
stacey;1
stack;10
stadium;1
staff;3
stage;6
stair;1
stairway;1
stake;1
stakeout;1
stalk;1
stamp;1
stan;1
stand;24
standard;5
standpoint;1
stang;3
staple;1
star;6
starbuck;3
stare;5
starship;1
start;77
starter;3
starve;2
stash;1
state;14
statement;5
station;12
statistic;1
statistical;2
stature;1
stay;52
steady;1
steakhouse;1
steal;21
steam;1
steel;3
steely;1
steer;2
step;26
stepdad;1
stepladder;1
sterno;2
steve;3
steven;1
stew;2
stick;21
sticky;1
stimulate;1
stink;3
stinky;1
stock;5
stoke;1
stolen;5
stomach;4
stomp;1
stone;7
stoner;2
stooge;1
stop;67
stoplight;1
storage;4
store;13
storeroom;2
storm;1
story;36
stove;1
straight;25
straightforward;3
strain;1
strand;1
strange;1
stranger;5
strap;1
strat;1
strategy;2
stratocaster;1
straw;1
stream;1
streamline;1
street;28
stress;6
stretch;5
strict;1
strictly;6
stricture;1
strike;5
striker;2
string;1
strip;6
stripper;2
strive;1
stroke;4
strong;8
strongly;4
structure;1
struggle;3
stub;1
stucco;2
student;11
study;10
stuff;58
stump;1
stumpy;1
stun;1
stupid;28
style;6
sub;21
subaru;1
subatomic;1
subdural;1
subject;2
submit;2
subsfactory;3
substance;4
substantial;1
substitute;1
subtitle;13
subtle;1
subtract;1
success;3
successful;1
successfully;1
suck;5
sucker;6
sudden;5
suddenly;7
sue;2
suffer;6
sufficiently;1
sugar;6
suggest;7
suggestion;1
suicidal;1
suit;9
suite;1
sumatran;1
summer;2
sun;4
sunday;4
sunset;2
suong;1
sup;1
super;6
superlab;2
supermarket;4
superpower;3
supervise;2
supervision;1
supper;1
supplier;2
supply;11
support;10
supportive;3
suppose;64
supposedly;3
sure;119
surf;2
surgeon;1
surgery;10
surpass;1
surprise;7
surprised;4
surprising;2
surround;1
surrounding;1
survey;1
survival;1
survive;13
suspect;7
suspend;3
suspense;1
suspension;1
suspicion;2
suspicious;1
sustainable;1
svenson;1
swab;1
swap;2
swastikas;1
swatter;2
swear;18
sweat;9
sweet;8
sweetest;1
sweetheart;7
sweetie;10
sweetness;1
swift;1
swim;1
swing;2
swinge;1
switch;4
swsub;6
swung;1
synch;13
synchro;7
synchrotron;2
synthetic;2
system;16
t;1459
ta;2
table;15
tabo;3
tack;1
taco;5
tactic;1
tactical;1
tag;10
tail;4
take;92
takeout;1
taker;1
talent;4
talk;270
tall;5
tampico;3
tan;2
tank;2
tankless;1
tanner;1
tannin;1
tap;1
tape;5
taper;1
target;4
tart;1
task;3
taste;14
tat;2
tattoo;6
tattooed;1
tax;7
taxable;1
taxi;1
taxis;2
tay;2
tbd;1
te;20
tea;1
teach;17
teacher;10
team;3
tear;4
tease;1
tech;3
technical;2
technically;4
technician;2
technique;1
technology;2
teenage;1
teenager;2
teener;3
teenth;8
telenovel;1
telephone;2
telephoto;1
television;1
tell;357
temper;2
temperature;5
temporarily;1
temporary;2
ten;1
tenant;3
tend;5
tenerife;4
tense;1
tenth;1
term;10
terminal;1
termite;1
terre;1
terri;1
terrible;13
terrify;1
territory;8
test;7
testicular;1
testify;1
tetris;1
texas;7
textbook;1
th;1
thai;2
thailand;3
thalidomide;3
thank;192
thankful;1
theft;3
theoretically;3
therapeutic;1
therapist;5
therapy;8
thermal;1
thermally;1
thermite;3
thermocouple;1
thermometer;1
thermostat;1
thesis;1
thief;4
thin;4
thing;239
thingod;1
think;466
thinkin;2
third;1
thirsty;1
thither;1
thomas;1
thorium;2
thought;3
thoughtful;1
thousand;12
thready;1
threat;1
threaten;7
thrive;1
throw;12
thumb;1
thunder;1
thursday;5
tiara;9
tick;4
ticket;2
tide;1
tie;4
tight;21
tighten;1
tijuana;1
tile;2
till;17
tim;1
timbuktu;1
time;271
timer;2
tin;2
tingle;1
tinkle;1
tiny;2
tio;12
tip;2
tire;2
tired;8
tissue;2
title;1
titration;1
titre;13
tj;1
toast;3
tock;1
today;56
toe;3
tofu;1
toilet;10
toke;2
tokyo;1
toll;1
tom;1
toma;2
tomorrow;25
tomás;10
ton;5
tone;4
tonight;20
tony;1
tool;2
tooth;6
toothbrush;1
toothpick;1
top;1
topic;2
torn;1
torso;1
tortoise;5
tortuga;3
toss;3
total;10
totally;33
touch;25
tough;12
tour;4
tow;3
towel;3
town;27
toxic;3
toxicology;1
toxin;1
trace;5
track;22
tracy;1
trade;7
tradition;1
traffic;11
tragedy;3
trail;1
trailer;1
train;7
tran;1
tranquil;1
transact;1
transaction;1
transcript;7
transfer;1
transform;1
transformation;1
transient;1
transparent;1
transport;1
transportation;2
transpositional;1
trap;7
travel;3
tray;3
treat;7
treatable;1
treatment;27
tree;1
tremendous;1
trespassing;4
tress;1
tri;1
triangle;1
tribe;1
trick;7
trickle;1
tricky;2
triene;1
trigger;2
trip;1
triple;1
triplicate;1
trooper;1
trouble;19
trough;3
truck;14
true;13
truly;9
trunk;2
trust;32
trustworthy;3
truth;15
try;140
tub;2
tube;3
tuck;2
tuco;61
tuesday;4
tuggie;1
tuition;1
tulip;1
tull;1
tumescent;1
tummy;2
tumor;6
tune;3
tung;1
tunnel;3
turd;1
turf;6
turkey;1
turn;78
turtle;3
tutor;1
tv;12
twain;2
tweak;2
tweaker;1
twerp;1
twice;9
twin;1
twist;1
twitter;1
twot;1
tyno;26
type;9
typical;3
typically;2
tzu;1
u;2
ugli;1
ugly;2
uh;27
ultimate;2
ultrasound;1
um;11
umbrella;2
unable;1
unacceptable;1
unaccountable;1
unadulterate;1
unavailability;1
unbelievable;3
uncanny;1
unclaimed;1
uncle;19
uncomfortable;1
uncool;1
underachiever;1
undercover;1
undercut;1
underestimate;1
undergo;1
underground;1
underoo;1
underside;1
understand;100
understandable;1
underwrite;1
undocumented;1
unencumbered;1
unexpected;1
unfaithful;1
unfamiliar;1
unfinished;1
unfortunate;5
unfortunately;9
ungrateful;1
unhappiness;3
unharmed;1
unheard;1
unimpeachable;1
union;1
unit;4
united;1
universe;5
university;3
unknown;2
unlawful;1
unlike;1
unlimited;2
unlock;2
unm;5
unnecessary;1
unorthodox;1
unpicky;1
unplug;1
unravel;1
unreal;1
unrelated;1
unresponsive;1
unsafe;1
untraceable;2
unturned;2
unusual;4
unusually;1
up;3
update;1
upkeep;1
upper;2
upright;1
uproot;1
upset;7
upshot;4
upside;1
upstairs;4
upstande;2
upwind;1
urban;2
urge;1
urine;1
use;37
useless;1
user;1
usual;9
usually;8
utah;1
utility;4
v;1
vacate;2
vacation;1
vacuum;1
vader;1
vagina;6
vague;1
valdez;1
valence;1
valley;2
valuable;1
value;1
valve;2
van;6
vanco;3
vancouver;1
vanish;1
vary;1
vase;1
vasectomy;1
vat;1
vato;1
vaya;2
ve;249
vectore;1
vegetation;1
veggie;3
vehicle;11
vend;3
vengeance;1
vent;1
ventilation;3
ventually;1
venture;2
verge;2
version;2
versus;2
vessel;1
vest;4
vestige;2
veteran;1
vfw;1
viable;2
vibrant;1
vice;3
vicious;1
vicky;1
victim;4
victimless;2
victor;3
video;2
videogame;1
vietnamese;1
view;4
vig;2
village;1
violence;3
violent;1
virginia;3
virtual;1
virus;1
visa;1
visible;1
vision;2
visit;7
visitor;2
visualize;1
vita;1
vitamin;1
vito;2
vo;2
vocal;1
vodka;1
voice;8
voicemail;2
volt;1
volume;5
volumetric;4
vote;7
vouch;4
w;3
wad;2
waddle;2
waffle;4
wagon;1
waist;1
wait;109
waitress;2
wake;32
wal;1
walk;38
wall;5
wallet;1
walnut;1
walt;191
walter;67
wand;1
wander;4
wank;1
wanna;36
wannabe;1
want;416
war;2
warbuck;2
ware;1
warm;6
warn;11
warning;1
warp;1
warrant;6
warranty;3
wasabi;2
wash;13
washboard;1
washer;1
washington;1
wasn;42
waste;18
watch;32
water;25
wave;4
wax;3
way;216
wayfare;4
wayfarer;2
wayne;1
wazoo;1
weak;5
weakness;2
wealthy;1
weapon;5
wear;18
weather;3
weatherman;1
web;3
website;7
weed;12
week;87
weekend;10
weekly;3
weigh;4
weight;8
weird;12
welcome;29
weld;3
well;98
wendy;12
weren;8
west;2
western;1
wet;3
whack;2
whatchamacallit;1
whatnot;4
whatsoever;1
wheaten;1
wheel;4
wheelchair;6
whereabout;3
whiff;2
whip;1
white;94
whitman;3
whoa;1
wholesale;2
whoop;1
whore;1
whorehouse;2
wide;5
wife;40
wiggle;3
wild;2
wilhelm;1
will not;1
willie;1
willing;9
willy;2
wilson;2
win;72
wind;5
winder;1
windjamme;1
window;2
windshield;5
windy;1
windys;1
wine;6
wing;1
winnebago;2
winner;1
winning;3
winslow;1
wipe;6
wire;10
wisconsin;1
wise;9
wish;29
wite;1
withdraw;2
withdrawal;1
witness;8
woman;15
womb;1
wonder;21
wonderbra;2
wonderful;10
wonka;2
wood;6
wooden;1
woodwind;1
word;57
work;197
worksheet;1
world;34
worm;1
worried;11
worry;22
worse;11
worsen;1
worth;12
worthless;1
worthy;2
wouldn;35
wound;9
wow;8
wrap;6
wreck;1
wreckage;1
wrench;1
wrestle;1
wrist;1
write;28
writer;1
wrong;57
wrongdoe;2
wt;1
www;66
wynne;4
x;4
xanax;1
xerox;1
y;4
ya;6
yada;3
yadda;2
yank;1
yankee;1
yard;7
yawn;2
yawp;5
yay;1
yea;1
yeah;340
year;77
yeast;1
yell;5
yellow;4
yep;8
yes;132
yesterday;9
yi;2
yield;6
yo;119
yoko;1
yon;1
york;1
young;11
yowsa;1
yuck;1
yum;1
zachary;5
zap;1
zdorovje;2
zealand;5
zebra;2
zebrawood;1
zero;5
zesty;1
zeta;1
zinc;3
zip;3
zippy;1
zircon;1
zit;1
zombie;2
zone;2
zonke;1
;0
