Mot,Occurrence
i,1642
de,1248
je,1156
a,1043
est,989
que,859
you,736
vous,733
pas,707
the,685
un,665
le,628
la,584
et,548
c,545
à,544
to,517
il,508
tu,480
j,473
ce,468
l,453
s,442
pour,411
une,404
that,396
d,387
is,387
n,382
me,373
ne,372
it,368
ai,365
les,364
en,338
not,336
qu,335
on,334
of,304
and,293
ça,293
in,255
m,251
qui,237
t,224
dans,224
mais,215
my,211
trevor,210
des,207
elle,207
this,201
mon,200
what,199
suis,197
être,188
moi,184
do,183
avec,181
si,177
was,176
for,174
are,174
du,172
y,171
as,160
your,155
have,154
au,150
no,145
plus,143
tout,140
so,139
fait,137
can,137
bien,132
faire,129
we,125
était,122
with,121
know,116
sur,116
nous,116
peut,115
but,115
comme,112
son,110
non,109
se,106
te,105
dit,103
ils,102
cette,101
be,101
avez,98
ma,97
peux,96
sais,94
votre,92
if,88
oui,85
lui,83
joe,82
ici,82
sa,81
là,80
here,79
well,79
par,79
toi,79
es,79
quoi,78
chose,78
think,77
will,77
see,76
vraiment,75
où,74
dire,74
va,74
marshall,74
crois,74
go,73
quand,72
he,72
love,71
sont,71
pos,70
yes,70
get,69
été,66
claire,66
avoir,65
all,65
his,65
veux,64
how,64
amour,63
there,62
jamais,62
am,62
comment,62
merci,62
like,62
ok,61
êtes,60
re,60
mes,60
étais,59
voir,59
they,59
ton,58
who,58
juste,57
autre,57
want,57
clint,55
même,55
more,55
quelque,55
an,55
très,54
ont,54
parce,52
vie,52
fois,52
pourquoi,52
dois,52
at,52
about,51
good,51
ou,50
time,50
alors,50
toujours,50
come,49
besoin,49
peu,48
ca,48
savez,47
oh,47
riley,46
encore,46
lt,46
gt,46
ces,46
maintenant,46
her,46
mère,45
femme,45
or,44
dieu,44
been,43
fille,43
ouais,43
just,43
choses,43
bon,43
homme,42
avais,42
why,42
up,41
she,41
find,41
were,41
avait,41
donc,41
ta,40
people,40
something,40
now,40
okay,40
sûr,40
temps,40
soir,40
rien,40
when,39
did,39
deux,39
ses,39
père,39
out,39
one,39
type,39
new,38
après,38
only,38
never,38
fais,38
sã,37
because,37
from,36
vais,36
ã,35
dis,35
bar,35
leur,35
had,35
aussi,35
quelqu,35
monde,34
eu,34
robin,34
could,34
vrai,34
º,34
look,33
has,33
nick,33
dave,33
then,33
got,33
idée,33
man,33
by,32
tell,32
font,32
holly,32
going,32
aller,32
moment,32
déjà,32
him,31
histoire,31
beaucoup,31
ll,31
parler,31
say,31
chez,31
great,30
peaches,30
moins,30
travail,30
depuis,30
very,30
mccrae,30
hé,30
ans,29
cupid,29
need,29
right,29
perhaps,29
porte,29
prendre,29
york,29
plan,29
pense,29
patient,29
cupidon,29
vu,28
gens,28
sans,28
passé,28
dr,28
back,28
aime,28
sorry,27
paula,27
maybe,27
quelques,27
fils,27
bonne,27
viens,27
grand,27
salut,27
trouver,27
allez,27
savoir,27
god,26
soit,26
voilà,26
where,26
guy,26
puis,26
jack,26
fête,26
demain,26
couple,26
someone,26
rendez,26
some,26
really,26
said,26
maman,25
vois,25
sure,25
quel,25
should,25
trop,25
work,25
tes,25
entre,25
super,25
cet,25
take,25
nuit,25
yeah,25
nom,25
place,24
day,24
seul,24
notre,24
point,24
don,24
mean,24
two,24
much,24
accord,23
walter,23
aurais,23
train,23
avant,23
ve,23
mom,23
désolé,23
idea,23
tous,23
raison,23
toute,23
let,23
veut,22
last,22
arrive,22
voulez,22
hector,22
way,22
mr,22
vas,22
hey,22
make,22
first,22
these,22
aux,22
home,22
excuse,22
minutes,21
believe,21
pendant,21
personne,21
suppose,21
sera,21
mettre,21
pouvez,21
give,21
thought,21
petit,21
life,21
their,21
years,21
part,21
garçon,21
again,21
hier,20
dad,20
thing,20
trouvé,20
little,20
aide,20
doing,20
heures,20
hallie,20
tommy,20
does,20
relation,19
kevin,19
dance,19
partie,19
even,19
vin,19
party,19
jours,19
pierce,19
thanks,19
name,19
after,19
vos,19
tena,19
parents,19
doit,19
chance,19
voulais,19
bas,19
minute,19
ami,18
told,18
thank,18
true,18
croire,18
night,18
understand,18
pris,18
passer,18
friend,18
other,18
pourrais,18
sign,18
devrait,18
mother,18
passe,18
aurait,18
entendu,18
air,18
genre,18
famille,18
problème,18
adams,18
wait,18
mal,18
couples,18
serait,17
attendez,17
aujourd,17
before,17
ensemble,17
hui,17
better,17
would,17
saw,17
celui,17
jour,17
première,17
truc,17
appelle,17
maison,17
impression,17
tonight,17
feel,17
seulement,17
o,16
argent,16
endroit,16
sortir,16
amoureux,16
passion,16
left,16
aucune,16
comprends,16
années,16
hommes,16
still,16
devrais,16
felix,16
faut,16
another,16
coeur,16
which,16
reason,16
pu,16
p,16
compris,16
fact,16
face,16
vient,16
station,16
donné,16
connais,16
dessus,16
mieux,16
venir,16
cory,16
down,16
called,16
parfait,16
importe,16
chambre,15
appartement,15
regarde,15
sûre,15
leave,15
story,15
call,15
chercher,15
stop,15
sommes,15
café,15
soirée,15
anything,15
amoureuse,15
cool,15
celle,15
hello,15
matin,15
www,15
vérité,15
pourrait,15
must,15
real,15
fini,15
reste,15
donne,15
lettres,15
appelé,15
garçons,15
tête,15
voyez,15
world,15
our,14
attention,14
aucun,14
dã,14
laisse,14
gamin,14
sois,14
please,14
things,14
perfect,14
lance,14
pouvoir,14
parlé,14
croyais,14
heureux,14
heart,14
too,14
us,14
prends,14
ni,14
father,14
girl,14
trying,14
service,14
aider,14
heure,14
sent,14
côté,14
dieux,14
assez,14
everything,14
peur,14
nouveau,13
laisser,13
appeler,13
course,13
debbie,13
bureau,13
ex,13
traiteur,13
cours,13
demandé,13
help,13
club,13
rencontré,13
mind,13
lit,13
change,13
voulait,13
e,13
tant,13
color,13
size,13
best,13
tour,13
morning,13
try,13
bad,13
enfants,13
autres,13
police,13
looking,13
mot,13
nos,13
madelyn,13
guess,13
bring,13
next,13
petite,13
tard,13
génial,12
door,12
façon,12
sous,12
avons,12
without,12
livre,12
trouve,12
cela,12
voudrais,12
grande,12
net,12
possible,12
kind,12
equis,12
tres,12
photo,12
femmes,12
difficile,12
happy,12
compte,12
plutôt,12
toutes,12
them,12
fou,12
excusez,12
took,12
donner,12
gars,12
cause,12
pensé,12
gonna,12
those,12
croyez,12
quelle,12
found,12
talk,12
parle,12
put,12
célibataires,12
simple,12
may,12
happens,12
woman,12
thinking,12
ben,12
semaines,12
trois,12
désolée,12
full,12
groupe,12
being,11
guerre,11
use,11
war,11
date,11
essayé,11
hours,11
family,11
nice,11
combien,11
arrêter,11
school,11
many,11
makes,11
into,11
show,11
aimerais,11
pensais,11
chaque,11
continue,11
soho,11
weeks,11
dont,11
ville,11
seen,11
enough,11
radio,11
group,11
arrête,11
suite,11
dirait,11
marche,11
dernier,11
amis,11
speak,11
days,11
mec,11
demande,11
jusqu,11
rester,11
together,11
main,11
nothing,11
seule,11
drink,11
mois,11
until,11
cuisine,11
crazy,11
end,11
food,11
contre,10
davis,10
hi,10
relationship,10
rouge,10
big,10
adam,10
sorti,10
ever,10
manière,10
job,10
attends,10
important,10
ci,10
papa,10
kazarian,10
dents,10
rencontre,10
jane,10
wine,10
serai,10
ressemble,10
chef,10
didn,10
ecoute,10
iraq,10
sexy,10
personnes,10
russo,10
letters,10
wife,10
laissez,10
same,10
yesterday,10
vol,10
elles,10
tã,10
meilleur,10
problem,10
around,10
high,10
match,10
cas,10
envoyé,10
ait,10
semble,10
os,10
excellent,10
remember,10
tvsubtitles,10
person,10
dernière,10
irak,10
ffff00,10
manger,10
leurs,10
ask,9
devant,9
bal,9
devriez,9
instinct,9
lita,9
boston,9
meilleure,9
through,9
b,9
dinner,9
olympe,9
essaye,9
roberts,9
mis,9
euh,9
apparemment,9
laquelle,9
connaissez,9
surprise,9
incroyable,9
live,9
restaurant,9
film,9
rencard,9
rapport,9
always,9
savais,9
daughter,9
close,9
boulot,9
réalité,9
dur,9
chanson,9
venu,9
wanted,9
gentil,9
voici,9
connu,9
appel,9
attend,9
guys,9
cook,9
devait,9
cherche,9
complètement,9
républicain,9
affaires,9
massage,9
exactement,9
iriel,9
fine,9
money,9
photos,9
parlez,9
apartment,9
nouvelle,9
faites,9
jimmy,9
amie,9
asked,9
boxing,9
hein,9
four,9
courage,9
long,9
off,9
married,9
propos,9
exactly,9
changé,9
problèmes,9
horny,9
sarah,9
boire,9
gym,9
coup,9
hard,8
week,8
étiez,8
baklava,8
cajun,8
tellement,8
devez,8
santé,8
vivre,8
professeur,8
envie,8
song,8
penser,8
room,8
than,8
mama,8
video,8
six,8
brisé,8
seattle,8
met,8
allé,8
city,8
also,8
étaient,8
three,8
devoir,8
journée,8
read,8
soyez,8
picture,8
jambalaya,8
espère,8
lieu,8
petits,8
working,8
anthony,8
parti,8
premier,8
bit,8
sens,8
avion,8
every,8
ligne,8
ecoutez,8
perdu,8
women,8
listen,8
relations,8
entendre,8
enfin,8
might,8
house,8
écouter,8
revoir,8
ferai,8
away,8
travaille,8
question,8
grayson,8
peachtree,8
mira,8
vue,8
points,8
situation,8
ready,8
probably,8
confiance,8
ball,8
rend,8
commence,8
whom,8
enfant,8
dîner,8
sait,8
check,8
faîtes,8
plait,8
gras,8
écoute,8
fantastique,8
vouloir,8
école,8
surprised,8
commun,8
partir,8
bientôt,8
monsieur,8
célibataire,8
carte,8
less,8
case,8
mardi,8
republican,8
hôpital,8
utilise,8
venez,8
charlie,7
pouvais,7
men,7
voix,7
danse,7
singles,7
romantic,7
rencontrer,7
credit,7
past,7
times,7
terre,7
lequel,7
own,7
sauf,7
près,7
supposed,7
came,7
rock,7
sounds,7
alone,7
saying,7
country,7
health,7
cherché,7
today,7
car,7
meet,7
matter,7
dehors,7
shirt,7
such,7
getting,7
plane,7
dude,7
retrouver,7
ago,7
apparently,7
else,7
sérieux,7
side,7
wrong,7
idiot,7
message,7
utiliser,7
tenir,7
dès,7
teacher,7
pause,7
voiture,7
peuvent,7
heard,7
présenter,7
arriver,7
tomorrow,7
bold,7
word,7
different,7
nourriture,7
gods,7
demander,7
romantique,7
serrure,7
over,7
téléphone,7
fans,7
bonnes,7
used,7
book,7
office,7
event,7
terrible,7
apprendre,7
gay,7
hope,7
prêt,7
sit,7
arranger,7
ascenseur,7
sérieusement,7
coffee,7
jouer,7
mérite,7
erreur,7
boxe,7
commencé,7
montre,7
libre,7
offre,7
parfois,7
dossier,7
salle,7
baton,7
marié,7
choisi,7
garde,7
prof,7
soeur,7
john,7
rentrer,7
ah,7
cheveux,7
regardez,7
yeux,7
move,7
dites,7
allais,7
essayer,7
rencontres,7
questionnaire,7
bla,7
truth,7
retourner,7
floor,7
plaît,7
dû,7
por,7
pub,7
sujet,7
secret,7
baby,7
lycée,7
gotta,6
card,6
penses,6
vodka,6
won,6
forget,6
others,6
winnipeg,6
intérêts,6
certainement,6
écrit,6
lot,6
sourire,6
captain,6
eh,6
dingue,6
milieu,6
pass,6
derrière,6
least,6
musée,6
vraie,6
fortune,6
while,6
agreed,6
attendre,6
happen,6
plein,6
policy,6
différence,6
knows,6
souvent,6
arrivé,6
martini,6
keep,6
second,6
kid,6
issue,6
pick,6
fera,6
presque,6
anniversaire,6
mont,6
ensuite,6
dîtes,6
règles,6
smart,6
mention,6
douce,6
care,6
ordinateur,6
colère,6
ouvrir,6
conseils,6
connection,6
contente,6
psychiatre,6
secondes,6
réfléchir,6
audacieux,6
actually,6
verre,6
fin,6
google,6
clé,6
year,6
agree,6
made,6
continuer,6
aimes,6
prête,6
exemple,6
intelligent,6
réunir,6
chuchi,6
masseuse,6
stay,6
strong,6
musique,6
worry,6
changer,6
bizarre,6
centre,6
knew,6
serais,6
prochaine,6
voyage,6
mort,6
start,6
most,6
laissé,6
agit,6
child,6
trouble,6
pays,6
nia,6
reviens,6
clear,6
mission,6
option,6
any,6
canada,6
hanes,6
between,6
account,6
mi,6
ailleurs,6
ten,6
ted,6
reçu,6
saison,6
yourself,6
allée,6
pote,6
base,6
hear,6
boyfriend,6
madame,6
heureuse,6
walk,6
montrer,6
semaine,6
imagine,6
quitté,6
voit,6
bed,6
ba,6
bonnerencontre,6
politique,6
classe,6
yoga,6
billet,6
longtemps,6
olympus,6
adultes,6
deal,6
tamara,6
dégustation,6
dernières,6
suivi,6
seriously,6
lo,6
lucy,6
probablement,5
joue,5
réunion,5
franchement,5
organisé,5
welcome,5
done,5
kozakowski,5
sister,5
degustaciã,5
choix,5
partout,5
devrions,5
sache,5
faute,5
lost,5
quartier,5
public,5
cadeau,5
josie,5
aviez,5
hotel,5
aurai,5
promise,5
decision,5
journal,5
key,5
surtout,5
magique,5
oublier,5
musical,5
favor,5
histoires,5
entrer,5
alcool,5
shot,5
magic,5
happened,5
bobby,5
essaie,5
acadien,5
blague,5
mademoiselle,5
loin,5
sexe,5
échec,5
donald,5
hasard,5
soient,5
différent,5
sensé,5
signifie,5
easy,5
disques,5
return,5
seconde,5
parles,5
filles,5
crater,5
ouvert,5
demi,5
spend,5
pourraient,5
arrangé,5
queens,5
psyche,5
moitié,5
pouviez,5
retard,5
serrurier,5
mariage,5
revient,5
enfermé,5
aha,5
feu,5
remarqué,5
prison,5
année,5
business,5
voleur,5
manhattan,5
sembles,5
mortal,5
réponse,5
clair,5
festival,5
sweet,5
pardon,5
amazing,5
danger,5
note,5
diamants,5
veulent,5
dating,5
cd,5
coming,5
alibi,5
université,5
ancien,5
brown,5
jessie,5
bourrée,5
autant,5
commencer,5
contact,5
liste,5
croit,5
felt,5
friends,5
hall,5
small,5
types,5
already,5
taxi,5
figure,5
fire,5
front,5
crab,5
paper,5
pay,5
social,5
gives,5
seems,5
expert,5
con,5
romeo,5
behind,5
vite,5
baiser,5
oublié,5
pop,5
toast,5
prend,5
clooney,5
psyché,5
verdad,5
printemps,5
hell,5
ceux,5
went,5
lives,5
convince,5
later,5
intérieur,5
special,5
advice,5
leaving,5
condition,5
intelligente,5
gave,5
fix,5
cru,5
leçons,5
r,5
company,5
retour,5
completely,5
docteur,5
frapper,5
sac,5
cover,5
arc,5
kids,5
meilleurs,5
afrique,5
jeu,5
invité,5
exception,5
sessions,5
learn,5
regarder,5
expliquer,5
james,5
comprendre,5
its,5
excuses,5
parfaite,5
flight,5
rempli,5
disais,5
savait,5
since,5
ended,5
réunions,5
suffit,5
former,5
français,5
fan,5
head,5
loved,5
courant,5
portable,5
auriez,5
décision,5
content,5
eat,5
sitter,5
certaines,5
algae,5
vidéo,5
eyes,5
sentiments,5
hitting,5
jerry,5
anyone,5
signer,5
traduction,5
greek,5
viennent,5
préfère,5
half,5
ipod,4
passes,4
esprit,4
themselves,4
trust,4
junkie,4
commander,4
support,4
faisais,4
prie,4
copine,4
venus,4
montré,4
honnête,4
ceci,4
nature,4
post,4
méthode,4
bu,4
history,4
taken,4
idiote,4
vont,4
droit,4
courageux,4
disait,4
invited,4
machine,4
magnifique,4
human,4
autour,4
patron,4
single,4
says,4
america,4
taking,4
meeting,4
whatever,4
réparer,4
sport,4
vote,4
lunch,4
tequila,4
pull,4
souviens,4
cross,4
idées,4
excited,4
limite,4
nôtre,4
watching,4
divorce,4
serious,4
donation,4
finir,4
prenez,4
talking,4
red,4
identité,4
ridicule,4
durant,4
imaginer,4
tried,4
lire,4
goes,4
description,4
wheel,4
policier,4
ferris,4
voulu,4
francine,4
morceaux,4
faisait,4
though,4
adorable,4
dix,4
leçon,4
théorie,4
sentir,4
démocrates,4
appris,4
thème,4
spéciale,4
bière,4
éviter,4
months,4
bras,4
propriétaire,4
bonjour,4
marrant,4
récupérer,4
oeuvre,4
apporter,4
longue,4
quatre,4
magiques,4
damn,4
vieux,4
cultivée,4
attraction,4
cérébrale,4
arrivée,4
ouvre,4
asking,4
comes,4
mens,4
wilson,4
changed,4
magie,4
mets,4
pensez,4
partager,4
within,4
allons,4
frère,4
attendu,4
instant,4
isn,4
yankees,4
dublin,4
blanc,4
sex,4
devoirs,4
réservée,4
liv,4
frères,4
town,4
weight,4
asseoir,4
prix,4
receive,4
entends,4
sound,4
jure,4
ginny,4
violence,4
jeté,4
concierge,4
margaritas,4
midi,4
himself,4
intéressant,4
butler,4
mariachi,4
quiet,4
donnent,4
accepter,4
lors,4
suggestion,4
reading,4
known,4
restez,4
finally,4
rendre,4
responsible,4
réel,4
compliment,4
munson,4
boss,4
peine,4
mêmes,4
prendra,4
3h,4
porter,4
présente,4
disent,4
inspiration,4
relationships,4
thurman,4
respect,4
fall,4
héros,4
mecs,4
anyway,4
patients,4
sabes,4
likes,4
fight,4
discuter,4
sonja,4
stories,4
beau,4
happily,4
vaut,4
mentor,4
appointment,4
buy,4
image,4
reporter,4
lose,4
copain,4
unique,4
wonderful,4
caught,4
demanderais,4
square,4
value,4
certain,4
lorsque,4
lisdoonvarna,4
chocolat,4
savons,4
mars,4
brave,4
looks,4
aimez,4
hands,4
cookies,4
line,4
almost,4
safe,4
largué,4
jusque,4
nt,4
pire,4
souffre,4
sort,4
doomed,4
subs,4
choose,4
young,4
questions,4
myself,4
strange,4
none,4
owners,4
dancing,4
calling,4
loves,4
bijoux,4
tué,4
everyone,4
belle,4
eux,4
invention,4
wish,4
waiting,4
holding,4
power,4
answer,4
finish,4
inquiet,4
chèque,4
brent,4
roue,4
kidding,4
existe,4
kitchen,4
mains,4
hand,4
extra,4
certains,4
disaster,4
drive,4
selon,4
tue,4
immigration,4
chansons,4
fearless,4
mad,4
merveilleux,4
livres,4
certaine,4
chasseur,4
convaincre,4
mail,4
brad,4
oates,4
stillwell,4
explain,4
forever,4
closed,4
sud,4
feels,4
fighting,4
h,4
tracy,4
elvis,4
rêves,4
séance,4
humeur,4
report,4
nde,4
hired,4
priscilla,4
plaisantes,4
although,4
allo,4
dedans,4
prochain,4
sorte,4
jeter,4
shall,4
moyen,4
divine,4
sûrement,4
décidé,4
torres,4
glass,4
follow,4
doors,4
free,4
reality,4
utilisé,4
vêtements,4
payer,4
bonsoir,4
ayez,4
arrêté,4
outside,4
facile,4
passage,4
prise,4
ado,4
means,4
kill,4
gâteau,4
mythologie,4
responsable,4
bouge,4
gratuite,4
episode,4
apprécié,4
break,4
inapproprié,4
rôle,4
rappelle,4
signe,4
calme,4
kawakami,4
russian,4
regrette,4
tv,4
dessert,4
wants,4
permettez,4
team,4
lu,4
auras,4
vouée,4
vague,4
write,4
décor,3
rapide,3
forward,3
régler,3
tours,3
nouvelles,3
aéroport,3
sometimes,3
revenir,3
ride,3
complétement,3
inside,3
stopped,3
ruined,3
worse,3
open,3
luck,3
soleil,3
translation,3
coward,3
appart,3
préféré,3
explication,3
quick,3
session,3
instead,3
buddy,3
field,3
déçu,3
putting,3
rite,3
created,3
theory,3
entendais,3
rogers,3
spy,3
occuper,3
supérieur,3
urgence,3
tragique,3
africa,3
lady,3
broken,3
niveau,3
provider,3
enlever,3
nc_sl,3
armée,3
amies,3
ravi,3
id,3
sacré,3
miss,3
far,3
dogs,3
smile,3
ndome,3
commande,3
charme,3
milk,3
nor,3
airport,3
demandez,3
bowery,3
moves,3
worker,3
once,3
lampes,3
robert,3
entré,3
pain,3
bucket,3
umbrella,3
assortir,3
bâton,3
logique,3
against,3
stuffing,3
remove,3
lesson,3
suddenly,3
piece,3
émission,3
normally,3
adults,3
hop,3
marchera,3
parapluie,3
raccompagner,3
entire,3
pseudonyme,3
isbol,3
art,3
oeil,3
age,3
record,3
game,3
rare,3
correct,3
marriage,3
knicks,3
fragile,3
soldat,3
capable,3
lâche,3
avoid,3
clean,3
entry,3
center,3
football,3
mangé,3
difference,3
conseil,3
arrivera,3
movie,3
tôt,3
fiche,3
polish,3
idéal,3
park,3
raisons,3
handle,3
doigts,3
fallait,3
wonder,3
reaction,3
learned,3
white,3
clifford,3
mã,3
roll,3
gang,3
except,3
soldier,3
error,3
dealer,3
throw,3
play,3
honest,3
ring,3
worked,3
remain,3
occasion,3
beauty,3
aurevoir,3
lâcher,3
services,3
able,3
orit,3
kissing,3
beautiful,3
quasiment,3
atlantic,3
running,3
cold,3
querãa,3
watch,3
cash,3
sleep,3
lover,3
données,3
given,3
biscuits,3
ndote,3
grandi,3
marshal,3
afraid,3
initial,3
filer,3
bye,3
phone,3
missed,3
cards,3
solution,3
calm,3
having,3
donate,3
address,3
moral,3
loss,3
boisson,3
sang,3
préfères,3
whole,3
adoré,3
wall,3
chiens,3
finit,3
éloigner,3
tel,3
occupé,3
deuxième,3
cut,3
payé,3
version,3
children,3
kiss,3
apprécie,3
fermer,3
beauté,3
numéros,3
invités,3
voler,3
salade,3
inquiète,3
mauvaise,3
qualities,3
capacités,3
vomi,3
kelsey,3
pleine,3
yo,3
numéro,3
travailler,3
owe,3
dormi,3
conditionnelle,3
pizza,3
parent,3
hôtel,3
otis,3
redding,3
mlle,3
drug,3
effet,3
poste,3
officier,3
hors,3
marché,3
prenais,3
déteste,3
provide,3
village,3
rest,3
giving,3
pouvait,3
stanzler,3
talent,3
ass,3
plat,3
blue,3
vendu,3
emporter,3
compassion,3
bain,3
orgies,3
fasse,3
goal,3
ff0000,3
boxer,3
comprenez,3
avions,3
général,3
servir,3
direction,3
ainsi,3
gagné,3
nea,3
communs,3
paradis,3
tient,3
pitt,3
marcher,3
félix,3
démocrate,3
emprunté,3
chapeau,3
visage,3
politiques,3
archives,3
rappeler,3
large,3
mini,3
dear,3
vieille,3
pension,3
vit,3
repas,3
connaît,3
commandant,3
détective,3
pourtant,3
portes,3
gratuit,3
route,3
answers,3
remplacer,3
bonbons,3
aimait,3
aã,3
moments,3
télé,3
cuisiner,3
poche,3
catalogue,3
intentions,3
sperme,3
troisième,3
condamnée,3
inutile,3
ais,3
prenne,3
crabe,3
essayez,3
dormir,3
sert,3
bulle,3
attirer,3
destin,3
entend,3
supplier,3
accepté,3
jeune,3
chase,3
tort,3
produire,3
amant,3
probation,3
détenu,3
reed,3
horrible,3
ferme,3
auraient,3
menti,3
âme,3
entreprise,3
opinion,3
réellement,3
currently,3
cancer,3
découvert,3
habitude,3
addition,3
apporte,3
conduire,3
friendly,3
contrat,3
eres,3
offert,3
refusé,3
owner,3
uns,3
sortant,3
onde,3
pains,3
suponãa,3
maïs,3
arrêt,3
pouce,3
permission,3
file,3
vus,3
simplement,3
fous,3
frits,3
remarquable,3
fiction,3
réponses,3
bébé,3
perdre,3
puisse,3
portiez,3
cã,3
devenir,3
discovered,3
rencontrons,3
sec,3
vouliez,3
vl3,3
seat,3
catalog,3
heather,3
sperm,3
remercier,3
flowers,3
inch,3
cake,3
acheté,3
propre,3
balle,3
box,3
devient,3
drogue,3
quartiers,3
total,3
essaies,3
contract,3
gentille,3
cocoon,3
marry,3
évident,3
expérience,3
fleurs,3
supermarché,3
guacamole,3
gentlemen,3
private,3
robe,3
supposé,3
baseball,3
alchimie,3
retenez,3
apelle,3
maître,3
effraction,3
overcome,3
voulons,3
spécial,3
cher,3
normalement,3
mariés,3
détails,3
blâmer,3
départ,3
classes,3
bones,3
bathroom,3
triste,3
resto,3
connaître,3
bow,3
arrows,3
shoot,3
fully,3
dossiers,3
grec,3
doute,3
partage,3
reports,3
seuls,3
partner,3
joué,3
identity,3
ringard,3
obtenir,3
affaire,3
lieux,3
managed,3
likely,3
ya,3
describe,3
opportunity,3
telling,3
illusion,3
score,3
attirent,3
mythe,3
soirs,3
dirige,3
entier,3
permet,3
scrabble,3
promis,3
sortie,3
souffrir,3
appears,3
enter,3
fantasmes,3
écran,3
autrui,3
merde,3
saver,3
screen,3
grandes,3
voyager,3
doctor,3
both,3
avaient,3
toilettes,3
sell,3
punishment,3
flying,3
neuf,3
jolie,3
anciens,3
agent,3
pratique,3
permettre,3
ed,3
vécu,3
propose,3
state,3
rue,3
sachet,3
quête,3
lancer,3
table,3
mentioned,3
faudrait,3
progress,3
état,3
comprend,3
fort,3
lapin,3
making,3
immediately,3
créer,3
vers,3
petites,3
contraires,3
aggressive,3
précis,3
nights,3
flèches,3
ticket,3
discuss,3
catch,3
needs,3
diction,3
river,3
bienvenue,3
hospital,3
old,3
extérieur,3
origines,3
faite,3
rent,3
works,3
aimé,3
premières,3
raconte,3
bouche,3
recherches,3
allô,3
stupide,3
disant,3
envoyer,3
choisir,3
réaction,3
regret,3
totalement,3
leader,3
board,3
particulier,3
hurt,3
romantisme,3
living,3
réputation,3
falling,3
sympa,3
connexion,3
lait,3
palpable,3
bonheur,3
blind,3
mauvais,3
créé,3
chair,3
verrai,3
synchro,3
plateau,3
nuits,3
mots,3
decide,3
hour,3
send,3
tombé,3
journaliste,3
bombe,3
dimanche,3
quite,3
devais,3
intéressé,3
alley,3
fantasy,3
top,3
comfortable,3
remis,3
arrested,3
hair,3
drop,3
traversé,3
knees,3
temple,3
sitting,3
eros,3
awesome,3
act,3
coin,3
wherever,3
volé,3
personnel,3
uncool,3
tombe,3
scène,3
involved,3
certainly,3
mortelle,3
gone,3
spectacle,3
écrire,3
battre,3
dj,3
st,3
vérifier,3
vegas,2
libérer,2
pictures,2
bibliothécaire,2
parlait,2
bear,2
inscrit,2
thérapeutique,2
offered,2
agenda,2
slash,2
vttlcbdx,2
partis,2
cheney,2
prove,2
offrir,2
concentrer,2
invisible,2
blow,2
marie,2
complicated,2
imitateur,2
mistakes,2
nettoie,2
vanter,2
sync,2
reprenons,2
impress,2
slept,2
wings,2
faciles,2
voyait,2
rappelé,2
coach,2
survivre,2
chaud,2
problems,2
aunt,2
autorisée,2
irlandais,2
blessé,2
obvious,2
dommage,2
travailleuse,2
weekend,2
rose,2
deeply,2
promenade,2
dose,2
arrière,2
muse,2
underwear,2
dick,2
plupart,2
harrison,2
congratulations,2
yorkais,2
diane,2
witness,2
kept,2
traces,2
worried,2
compassionate,2
clouds,2
sawyer,2
production,2
takes,2
television,2
terme,2
ori,2
gift,2
hola,2
tremor,2
save,2
pierced,2
apprise,2
spécialement,2
shipping,2
remises,2
importants,2
doué,2
anniversary,2
coincidence,2
bank,2
cua,2
mpm,2
aimée,2
envoies,2
écoutent,2
environ,2
plans,2
rendu,2
louer,2
goûts,2
wrote,2
quer,2
mise,2
speck,2
dry,2
central,2
ireland,2
fast,2
saches,2
chapitre,2
haut,2
buenos,2
aqua,2
emmener,2
manages,2
étudiantes,2
saturday,2
finished,2
telle,2
popcorn,2
breys,2
sentais,2
jalouse,2
silence,2
rends,2
hã,2
walyd20,2
reborn,2
looked,2
sociale,2
simply,2
run,2
pieds,2
lis,2
passive,2
finger,2
manque,2
girlfriend,2
uses,2
flamme,2
telephone,2
jupiter,2
brûle,2
glad,2
relecture,2
anger,2
omniscient,2
na,2
position,2
bother,2
supporter,2
ressent,2
entrez,2
swear,2
bougie,2
beating,2
ramasser,2
dépassé,2
facilement,2
olives,2
immeuble,2
jeffrey,2
tigre,2
maladie,2
tragédie,2
influence,2
tigres,2
caleçon,2
cacher,2
documents,2
caméra,2
différente,2
leary,2
importance,2
ouah,2
directeur,2
morris,2
longueur,2
progrès,2
écoutez,2
intrepid,2
attendant,2
bagarres,2
connaissant,2
chasser,2
sachant,2
rêve,2
faux,2
perplexe,2
commencerons,2
intense,2
préférée,2
amants,2
corazon,2
protéger,2
inconnu,2
aies,2
secondary,2
impliqué,2
rentre,2
touche,2
hits,2
médaille,2
deviez,2
espionné,2
roy,2
entraîneur,2
fascinant,2
donnait,2
avenue,2
remercie,2
president,2
vice,2
rendent,2
vagabond,2
culpabilité,2
résultat,2
kirk,2
distances,2
payée,2
malgré,2
objections,2
souviendrais,2
bible,2
inventé,2
poltergeist,2
remonte,2
introduire,2
suivre,2
bouteille,2
strathmore,2
hide,2
traité,2
surveiller,2
sauter,2
pèr,2
lentilles,2
trinity,2
température,2
attrapé,2
appels,2
plaisir,2
sentez,2
riches,2
charge,2
réagi,2
chien,2
kilos,2
loyer,2
flêches,2
idiots,2
alfresco,2
maps,2
immédiatement,2
pandora,2
rencontrés,2
frappe,2
gérant,2
déménager,2
merveilleuse,2
mur,2
jette,2
marier,2
sombres,2
easier,2
devrons,2
julia,2
haute,2
étions,2
fuite,2
apporté,2
exact,2
iran,2
bomb,2
étudiants,2
eight,2
abord,2
itself,2
impressionné,2
deca,2
evening,2
agressive,2
bloody,2
mary,2
antoni,2
foyer,2
gros,2
réalisé,2
retrouve,2
hypérion,2
barre,2
samedi,2
gamins,2
ordre,2
répond,2
clearly,2
correspond,2
monté,2
flèche,2
propriété,2
discours,2
refuse,2
fêtes,2
défilé,2
ressens,2
joie,2
doutes,2
demandes,2
golais,2
briser,2
recherche,2
carl,2
lente,2
omniscience,2
romulus,2
grandir,2
joindre,2
mauvaises,2
attendait,2
duré,2
bibi,2
gus,2
dernièrement,2
sloshball,2
maîtresse,2
souffleur,2
égoïste,2
south,2
derek,2
attente,2
bordel,2
soutien,2
rome,2
positif,2
zeus,2
ahead,2
días,2
étudiante,2
soucie,2
follement,2
madonna,2
spying,2
redites,2
honte,2
eggs,2
causé,2
changement,2
épanoui,2
speed,2
sue,2
karl,2
juge,2
fresh,2
mood,2
mount,2
parfaitement,2
regency,2
psy,2
véritable,2
light,2
essai,2
cakes,2
inviter,2
wnyd,2
wedding,2
flamenco,2
breast,2
ronaldo,2
humaine,2
deuil,2
honore,2
brouhaha,2
réussis,2
tramp,2
puisses,2
vis,2
sympathique,2
américain,2
slashball,2
court,2
beaujolais,2
softball,2
lied,2
oncle,2
guilt,2
participants,2
pyjama,2
laissée,2
physically,2
chemin,2
bruits,2
chat,2
ferait,2
compter,2
mime,2
cinq,2
réuni,2
definitely,2
sox,2
louisiane,2
walking,2
debout,2
beards,2
rocky,2
disheveled,2
mickey,2
dark,2
figurines,2
late,2
attraper,2
faim,2
assume,2
site,2
appellent,2
abama,2
middle,2
fool,2
silver,2
basé,2
ego,2
flirter,2
considération,2
professionnelle,2
ricky,2
desperate,2
bol,2
ross,2
boys,2
records,2
froid,2
impatiente,2
afternoon,2
rapid,2
fill,2
venais,2
anti,2
afford,2
mensonges,2
opposés,2
pandore,2
quiero,2
join,2
taille,2
intervention,2
coïncidence,2
expression,2
share,2
spécialiste,2
arm,2
amical,2
poor,2
laissées,2
chelsea,2
nourrir,2
travaillé,2
adult,2
retourne,2
pointe,2
dise,2
example,2
attractive,2
noir,2
serveur,2
pulling,2
resent,2
capacité,2
sensée,2
théâtrale,2
sers,2
plage,2
donneurs,2
exceptionnel,2
futon,2
chaîne,2
géniale,2
partenaire,2
aidée,2
remets,2
ching,2
professionnel,2
ka,2
étrange,2
morceau,2
partez,2
blouse,2
entremetteurs,2
suggéré,2
bouger,2
blesser,2
désires,2
jeunes,2
râté,2
valises,2
yvonne,2
page,2
feast,2
cartes,2
señor,2
nimo,2
kamikaze,2
below,2
réussir,2
prendrai,2
chaussures,2
su,2
réussi,2
traverser,2
appellez,2
mitzvah,2
lewis,2
inconnue,2
beaux,2
soutenir,2
ficci,2
complete,2
attendais,2
camera,2
signing,2
quelles,2
trash,2
alga,2
claque,2
lingerie,2
opinions,2
ning,2
danser,2
solve,2
became,2
each,2
population,2
refait,2
votes,2
bamos,2
luggage,2
chacun,2
unable,2
recorded,2
occupez,2
interview,2
tries,2
bout,2
connaissance,2
chaussettes,2
pars,2
pruning,2
recreation,2
communication,2
présentés,2
dining,2
rise,2
altogether,2
tranche,2
travers,2
louisiana,2
chasteté,2
épique,2
mentionner,2
bueno,2
craint,2
ntropo,2
mass,2
abandon,2
wives,2
âge,2
nid,2
suffisamment,2
dress,2
sage,2
acadienne,2
month,2
sûrs,2
assistant,2
cherchez,2
parlant,2
panneau,2
imprisonment,2
malheureusement,2
personal,2
liked,2
embrassé,2
développement,2
serio,2
tourné,2
acheter,2
connolly,2
short,2
américaine,2
assorties,2
réfléchis,2
billes,2
bille,2
tartines,2
drum,2
poursuite,2
sors,2
gênant,2
bingo,2
magasin,2
virer,2
désastre,2
sueur,2
marat,2
appelée,2
jenny,2
q,2
normal,2
staying,2
énervée,2
accomplie,2
future,2
guise,2
el,2
sudor,2
ina,2
helpful,2
jersey,2
conversion,2
bañar,2
cra,2
déplacé,2
vamos,2
cheap,2
bowl,2
libérale,2
explanation,2
step,2
received,2
often,2
phil,2
watergate,2
coloc,2
fac,2
polite,2
embrassent,2
respecte,2
brings,2
steal,2
margaret,2
parked,2
roméo,2
betty,2
russell,2
promets,2
accident,2
laisses,2
oreilles,2
third,2
angry,2
possibility,2
carry,2
detective,2
effectivement,2
hit,2
aie,2
naturel,2
revolution,2
gosses,2
armes,2
muã,2
impressionnant,2
golf,2
seinfeld,2
cry,2
pocket,2
soft,2
midst,2
engagée,2
forgot,2
bosse,2
surname,2
gagne,2
routes,2
irrupciã,2
borg,2
militaire,2
église,2
remorse,2
lord,2
servi,2
mince,2
auprès,2
popular,2
daryl,2
worst,2
oye,2
hassle,2
chaleur,2
boxers,2
salad,2
webmasters,2
sites,2
grandpa,2
gracias,2
enthousiaste,2
qualités,2
skills,2
intention,2
ndolo,2
tais,2
fondé,2
guide,2
paquet,2
characteristics,2
valley,2
require,2
usually,2
layer,2
soucier,2
nest,2
importante,2
donuts,2
baisse,2
incroyablement,2
mentionne,2
realize,2
cooking,2
catering,2
tangible,2
assistante,2
gardé,2
rejoins,2
pond,2
demand,2
awake,2
jump,2
cliff,2
survive,2
sideways,2
personnalité,2
solves,2
china,2
privileges,2
number,2
honestly,2
appointments,2
playing,2
meat,2
smells,2
pardonnerai,2
gagner,2
descends,2
bet,2
peluche,2
enjoy,2
passed,2
huh,2
embrasser,2
combattre,2
cupackes,2
groupes,2
cafés,2
hacker,2
cojones,2
release,2
marathon,2
soon,2
intelligence,2
effect,2
delusion,2
experte,2
protect,2
mica,2
expulsion,2
toît,2
trouvez,2
insurance,2
including,2
finding,2
employment,2
newspaper,2
épingle,2
occupe,2
noël,2
celia,2
singing,2
clubs,2
ammène,2
membre,2
deco,2
moindre,2
magical,2
faisons,2
lempicka,2
twice,2
seriez,2
soldiers,2
ends,2
russe,2
f,2
passez,2
calls,2
experienced,2
punition,2
healthy,2
hoping,2
occupait,2
wasn,2
fantasies,2
mortels,2
professional,2
lève,2
tragedy,2
matters,2
réflexion,2
entered,2
impossible,2
littérature,2
feed,2
arriba,2
unir,2
bibliothèque,2
amos,2
indeed,2
institution,2
followers,2
prince,2
vomir,2
fantasme,2
allow,2
reprendre,2
étincelle,2
ero,2
begin,2
companions,2
disque,2
images,2
repartir,2
économiseur,2
preuve,2
recognize,2
garée,2
morte,2
view,2
batterie,2
observation,2
médecin,2
sense,2
believing,2
mercury,2
matchmaking,2
track,2
puissant,2
divin,2
da,2
stranger,2
aidera,2
pourriez,2
présent,2
hill,2
bloqué,2
paid,2
solitaires,2
tambour,2
east,2
wing,2
né,2
bay,2
motif,2
careful,2
win,2
music,2
puts,2
drunk,2
raisin,2
staff,2
sinon,2
évite,2
stole,2
amateurs,2
myth,2
maintenir,2
venait,2
saura,2
poli,2
pi,2
rappelles,2
diplôme,2
black,2
nouvel,2
states,2
react,2
places,2
lisez,2
devons,2
badge,2
fell,2
principale,2
perfectly,2
centaine,2
laissent,2
succès,2
informaticien,2
peter,2
building,2
crée,2
however,2
harm,2
assure,2
forgive,2
started,2
distinguished,2
arrivait,2
projet,2
essayiez,2
pouvons,2
espace,2
domaine,2
serveuse,2
passait,2
efficace,2
prepared,2
fair,2
suggérer,2
s01e02,2
parte,2
lived,2
boy,2
defamation,2
larguée,2
ignore,2
feelings,2
files,2
galère,2
consider,2
psychiatrique,2
étant,2
pommes,2
acceptable,2
hence,2
parait,2
possessed,2
roc,2
saviez,2
satisfaction,2
tourner,2
couldn,2
street,2
piéger,2
chapeaux,2
price,2
erreurs,2
uniquement,2
festivals,2
musicaux,2
volontaire,2
accept,2
engagé,2
ladies,2
random,2
chevalier,2
paternelle,2
drugs,2
enfance,2
masterpiece,2
règle,2
folie,2
entendus,2
crime,2
statue,2
reviennent,2
international,2
enfuir,2
prématuré,2
drgadicta,2
semblent,2
auparavant,2
addict,2
imaginez,2
promised,2
charles,2
collier,2
félicitations,2
david,2
dirai,2
colocataire,2
culture,2
prevent,2
levée,2
mamá,2
seller,2
aillez,2
misérable,2
décisions,2
frosty,2
amené,2
frigo,2
saint,2
lã,2
stein,2
clés,2
nouveaux,2
american,2
broke,2
revenue,2
mignon,2
transcendent,2
rules,2
lpenme,2
lolo,2
folle,2
steven,2
habituelle,2
isaac,2
streets,2
honor,2
liberal,2
sees,2
sta,2
egoã,2
concerned,2
common,2
serve,2
sweat,2
blower,2
pretty,2
haven,2
cumpleaã,2
em,2
organiser,2
passent,2
collect,2
wounded,2
sleeve,2
brothers,2
counseling,2
disc,2
quadruple,2
quinoa,2
karaté,2
code,2
téléachat,2
animaux,2
bague,2
avis,2
innocent,2
heat,2
bourbon,2
appelez,2
conquiers,2
die,2
joan,2
turner,2
terminé,2
séances,2
imagines,2
22h,2
foie,2
embrassée,2
doubting,2
clock,2
coeurs,2
disagree,2
hm,2
humain,2
photographie,2
cure,2
barman,2
stupid,2
homesickness,2
21h,2
nervous,2
regardé,2
prego,2
arme,2
sincère,2
sortez,2
décrivez,2
plusieurs,2
smith,2
prenant,2
distance,2
inspecteur,2
avenir,2
écoutes,2
dignité,2
échapper,2
donnez,2
premiere,2
seras,2
test,2
dial,2
understands,2
indiquer,2
expect,2
pilules,2
cul,2
cambriolée,2
livreur,2
hate,2
nostradamus,2
aperçu,2
adresse,2
profond,2
entrera,2
trip,2
grandiose,2
darkness,2
poker,2
mouth,2
decent,2
espérais,2
caisse,2
bande,2
eye,2
paying,2
counts,2
unless,2
écoutée,2
oceans,2
victoire,2
helps,2
compagnie,2
tutor,2
considéré,2
mortals,2
compil,2
parlais,2
oublie,2
prendrais,2
class,2
espèce,2
causes,2
coupe,2
role,2
epic,2
convaincu,2
hang,2
chinoise,2
privilèges,2
passant,2
scabreuses,2
beatles,2
publicité,2
refrain,2
viande,2
innuendo,2
visa,2
doubt,2
somebody,2
bone,2
expectations,2
coucher,2
remord,2
animal,2
chaise,2
appelait,2
pair,2
genoux,2
pepperoni,2
geste,2
teenager,2
donnerai,2
agneau,2
assieds,2
août,2
écouté,2
sol,2
répondeur,2
souvenirs,2
boutique,2
personals,2
ad,2
water,2
menton,2
cassez,2
concerne,2
teach,2
éclairs,2
deathbed,2
eventually,2
couvre,2
knowing,2
pièce,2
began,2
propres,2
mercure,2
passionately,2
turns,2
olympia,2
playboy,2
particular,2
décrit,2
sandiniste,2
sécurité,2
irez,2
terrain,2
irruption,2
herself,2
devine,2
believes,2
kissed,2
améliorer,2
connait,2
album,2
fillette,2
dette,2
force,2
ennui,2
ment,2
remonter,2
doesn,2
pourrai,2
under,2
mansion,2
self,2
topics,2
répondre,2
modèle,2
prefer,2
karma,2
cambriolage,2
allowed,2
légère,2
combative,2
ordinateurs,2
rikers,2
13h30,2
lies,2
monitor,2
pairs,2
boyfriends,2
orthodoxe,2
action,2
dream,2
missing,2
verrez,2
especially,2
disorder,2
déesse,2
cuisinier,2
henry,2
semblant,2
subliminal,2
habituellement,2
drag,2
croient,2
accueillons,2
remarquer,2
romance,2
opening,2
aimais,2
sneeze,2
soigner,2
final,2
seem,2
island,2
covered,2
quest,2
hundred,2
admets,2
sabotage,2
découvrir,2
screwed,2
etais,2
meal,2
bleu,2
possibilité,2
limousine,2
saut,2
mine,2
mme,2
flame,2
falaise,2
rapprocher,2
aube,2
demandera,2
shrink,2
résultats,2
atmosphère,2
space,2
titre,2
porté,2
coquille,2
marla,2
spoke,2
suffers,2
société,2
catharsis,2
hung,2
candle,2
aimer,2
activité,2
peler,1
tabasser,1
prolétariat,1
hygiène,1
discutez,1
hollandais,1
imagée,1
déchire,1
outre,1
patrouille,1
champenade,1
issus,1
tendues,1
boucles,1
tartelettes,1
chamailler,1
ouragan,1
hallucinante,1
pointera,1
conversation,1
devenues,1
lilly,1
adorait,1
équipiers,1
vingt,1
vendredi,1
avéré,1
conversations,1
aiment,1
légèrement,1
équipière,1
rocketship,1
nommées,1
prendrez,1
jouez,1
exagéré,1
viol,1
regrettable,1
regretterez,1
confondez,1
économique,1
olympa,1
mesure,1
importantes,1
possession,1
frais,1
débiles,1
fouetter,1
étouffé,1
précisemment,1
voliez,1
languir,1
sauront,1
devrai,1
phonétique,1
demandée,1
démission,1
benny,1
psychanalyser,1
tréma,1
début,1
abattoir,1
condamné,1
récemment,1
fruits,1
présentations,1
assistent,1
blondes,1
réinventés,1
contactée,1
stipule,1
crève,1
statut,1
bourrez,1
ravie,1
haine,1
socio,1
splendeur,1
adorerais,1
condescendance,1
froideur,1
gueule,1
crabes,1
amusant,1
alphabet,1
bord,1
mangent,1
client,1
grecque,1
wow,1
georges,1
restos,1
croisez,1
reproduise,1
ébriété,1
traiteurs,1
compté,1
tabasse,1
simulateur,1
fraternisation,1
brett,1
drôle,1
sensation,1
étoiles,1
uh,1
résume,1
utilisant,1
dégustations,1
distribue,1
grotte,1
recommanderais,1
régulières,1
liberté,1
écris,1
improvisation,1
inscrire,1
interdiction,1
profonds,1
illégale,1
transformé,1
ragots,1
repris,1
porno,1
sensées,1
compliquent,1
caser,1
pertes,1
préparatifs,1
libéré,1
danseuse,1
rompez,1
repérages,1
menthe,1
pourcentage,1
favre,1
reposer,1
passionnes,1
danses,1
gains,1
conditions,1
rapides,1
responsabilités,1
sifflet,1
couteaux,1
épauler,1
incarcération,1
shirley,1
quotidienne,1
singin,1
sexuelle,1
perdue,1
clientes,1
pensée,1
ringin,1
loser,1
esclave,1
justicier,1
jumelés,1
comptez,1
serviettes,1
plais,1
appartiens,1
mayers,1
thermos,1
entretien,1
étale,1
regardant,1
neiges,1
acquisition,1
cuillère,1
détruise,1
vache,1
stupéfiant,1
bref,1
connaissiez,1
réglera,1
enquête,1
angela,1
aurez,1
vienne,1
portera,1
horizons,1
devraient,1
froide,1
chou,1
avantage,1
matinée,1
ennuyeux,1
arche,1
arctique,1
vexer,1
misérables,1
gardner,1
portez,1
éclaircir,1
ecrevisses,1
forces,1
bimbo,1
mentez,1
paragraphe,1
original,1
comptait,1
ignorez,1
musées,1
concentré,1
moyenne,1
embobine,1
respecter,1
réciproque,1
vacarme,1
concentriez,1
cinéma,1
pleurnichant,1
jets,1
environnement,1
pleurniche,1
jubiler,1
idôlatre,1
sensibles,1
passions,1
grille,1
raccroché,1
ouïe,1
moqueries,1
élargir,1
probabtion,1
complété,1
familier,1
affair,1
entouré,1
écriras,1
remplacé,1
obligé,1
échappait,1
tableaux,1
faudra,1
priorité,1
fassiez,1
transforme,1
cochon,1
plongeon,1
nocturne,1
retournement,1
ronde,1
volés,1
pâtés,1
mystérieusement,1
réapparus,1
rupture,1
enfoui,1
morale,1
écrin,1
remonté,1
formel,1
cadre,1
collègues,1
interrogé,1
statues,1
enlève,1
aise,1
utilisée,1
nuageuse,1
mêlées,1
particulières,1
nuages,1
maximale,1
décide,1
bulletin,1
5h57,1
génétique,1
prouver,1
désespéré,1
propension,1
tombée,1
aïe,1
construire,1
façonne,1
tonton,1
précédente,1
sceptique,1
éclair,1
vitesse,1
bossé,1
excite,1
appréhendé,1
paniqué,1
sexuelles,1
pleuvoir,1
info,1
doo,1
médocs,1
imbécile,1
disiez,1
séduire,1
fours,1
salopard,1
souvenir,1
reflet,1
fichtre,1
déménage,1
colis,1
encourager,1
vivent,1
franchi,1
laissais,1
percez,1
crise,1
débrouiller,1
maso,1
soupçon,1
delà,1
remet,1
soudain,1
réduire,1
fugitifs,1
poursuivre,1
reconduire,1
entâment,1
embarras,1
surface,1
cuire,1
tas,1
éprend,1
comté,1
larrabee,1
rigoles,1
crème,1
musiques,1
apparaît,1
sélection,1
enceintes,1
inspiré,1
fromage,1
scooby,1
pressée,1
fil,1
ingrat,1
principal,1
powell,1
abîmer,1
lien,1
craquer,1
carapace,1
briza,1
frappé,1
commune,1
arnold,1
calvin,1
satisfy,1
nettoyez,1
chargée,1
mêle,1
étayer,1
fournir,1
arrange,1
tomber,1
modèles,1
détenus,1
irait,1
criminel,1
reprocher,1
croiras,1
évitait,1
flingue,1
effondre,1
reprochent,1
marins,1
revenais,1
provisions,1
réhabilitation,1
ennuie,1
concerné,1
système,1
ostuni,1
construit,1
déjeuneront,1
douloureux,1
pénal,1
ouvrés,1
impact,1
myer,1
raconter,1
coquin,1
douche,1
inconditionnel,1
ramené,1
tasse,1
intermèdes,1
néron,1
joues,1
jurait,1
revenait,1
rangé,1
copients,1
séduit,1
instants,1
intrigué,1
pied,1
ocean,1
récupère,1
emprunt,1
charmant,1
dormira,1
emploie,1
prem,1
apaise,1
combinaison,1
epique,1
clefs,1
coffre,1
dyonisos,1
persistent,1
couchent,1
romaines,1
douleur,1
supporte,1
nord,1
chicago,1
fermée,1
larabee,1
réveille,1
criminels,1
pourle,1
pompiers,1
claires,1
retirais,1
durement,1
bains,1
ayant,1
arriverait,1
gorgone,1
téléphoné,1
jures,1
chère,1
incendie,1
opératoire,1
mode,1
baratines,1
convaincante,1
terminal,1
dérobés,1
lesbienne,1
valeur,1
vénérienne,1
folies,1
chatons,1
épiler,1
inhibitions,1
passée,1
cassée,1
missionnaire,1
juif,1
potes,1
fédéral,1
allemand,1
centaines,1
insignifiant,1
courrier,1
imprévu,1
vole,1
tournes,1
annuaire,1
inde,1
utiliserait,1
râtez,1
installé,1
piste,1
missionnaires,1
talons,1
difficiles,1
hog,1
excursion,1
évasive,1
cuit,1
recyclées,1
parlerait,1
envoyées,1
italie,1
costumes,1
pièces,1
shakespeare,1
paris,1
hut,1
relooking,1
baguette,1
eiffel,1
crucial,1
médicale,1
montage,1
mat,1
debra,1
balles,1
sifflent,1
sorcière,1
fétichiste,1
merveilleuses,1
jenson,1
casiez,1
bureaux,1
raccourcis,1
med,1
cassettes,1
detroit,1
échantillon,1
individus,1
disponibles,1
mineurs,1
mettez,1
aimerait,1
talents,1
visite,1
couronné,1
star,1
hypothèse,1
putain,1
cupcakes,1
débarquer,1
idéale,1
interrompu,1
atroce,1
interrompre,1
conception,1
trouverai,1
voleurs,1
enchanté,1
fréquent,1
tony,1
voyagé,1
harsard,1
retourné,1
expressions,1
faveurs,1
manigancer,1
visez,1
chaperonne,1
canon,1
revanche,1
âmes,1
soeurs,1
affinités,1
géorgie,1
longueurs,1
titres,1
festivités,1
emmenais,1
idiomatiques,1
tendance,1
scanne,1
annuler,1
sympathiser,1
aligner,1
guerrière,1
regroupez,1
commerce,1
étincelles,1
assistance,1
thérapeute,1
vide,1
démissionner,1
bob,1
dylan,1
épatant,1
confondu,1
dénonce,1
entièrement,1
embrouillent,1
réduction,1
cuite,1
étonnant,1
alarme,1
réveillez,1
violents,1
mêlée,1
moulin,1
servent,1
reprises,1
ivrogne,1
ferez,1
cauchemars,1
rendra,1
remplir,1
réparée,1
franchie,1
rappelaient,1
essence,1
dira,1
ambiance,1
verres,1
pelle,1
rouler,1
étonnante,1
réduit,1
rebondir,1
récupérerais,1
perd,1
mienne,1
nombreux,1
changent,1
confirme,1
rafraîchisseur,1
supérette,1
assaut,1
franchir,1
cerné,1
obtenu,1
maintiens,1
loquet,1
flatteur,1
forcer,1
vanté,1
populaires,1
lisant,1
cavallerie,1
cacahuètes,1
refusaient,1
semestre,1
essayes,1
éléphants,1
violets,1
stripteaseuse,1
surnom,1
arbres,1
voisins,1
appelons,1
arrives,1
préférées,1
reconnais,1
pallier,1
jouaient,1
vacances,1
ballon,1
rassemblé,1
invitée,1
profession,1
pari,1
balançant,1
louche,1
fenêtre,1
passager,1
allumer,1
symbolique,1
ch,1
spiderman,1
descendre,1
écrites,1
coincé,1
petersburg,1
profites,1
pleures,1
bâiller,1
messages,1
accède,1
coincées,1
entrée,1
mouchoirs,1
reniflent,1
cependant,1
vase,1
noyer,1
pleurent,1
chagrin,1
poursuit,1
grabel,1
rompu,1
banquiers,1
savent,1
unirai,1
extrême,1
joindra,1
stupides,1
lards,1
incrustation,1
guiks,1
deviendrons,1
autrement,1
locomotive,1
ferais,1
arrêterons,1
poser,1
exercice,1
physique,1
cou,1
adore,1
karnow,1
questionnaires,1
ignorais,1
arrivés,1
tom,1
statistique,1
chargé,1
élaborer,1
statistiques,1
déclare,1
essayant,1
proposition,1
sérieuse,1
adressait,1
drames,1
connexions,1
découvriront,1
queensbridge,1
marteau,1
prendrons,1
dirons,1
poster,1
multijoueur,1
jeux,1
colocataires,1
développer,1
enverrai,1
installer,1
courageusement,1
veuille,1
raisonnement,1
pervers,1
concentrent,1
univers,1
rassurante,1
connaissons,1
amusantes,1
déterminer,1
perds,1
dalila,1
léa,1
devineras,1
finirons,1
machines,1
exemples,1
jennifer,1
samson,1
partenaires,1
feras,1
associée,1
laquel,1
cobayes,1
cent,1
incompatibles,1
orgueil,1
compréhension,1
ouverture,1
beret,1
vingts,1
apportera,1
indices,1
trésor,1
cacahouètes,1
cocktail,1
regretterais,1
chasse,1
emballage,1
appolon,1
casserait,1
pattes,1
inscription,1
périmée,1
canard,1
raspberry,1
sorbet,1
gramme,1
descendra,1
nico,1
rendrez,1
jeans,1
tricot,1
viendrai,1
avertis,1
intégrité,1
grands,1
marrons,1
hébété,1
underground,1
accent,1
velvet,1
révèlera,1
bonnet,1
défaut,1
extinction,1
jagger,1
mick,1
banlieue,1
ur,1
circonférence,1
plaira,1
choisie,1
embarrassants,1
enregistre,1
vaguement,1
mesureras,1
calculateur,1
sortiras,1
ivresse,1
abréger,1
devra,1
soigné,1
changez,1
globen,1
diamètre,1
valeurs,1
richards,1
keith,1
zut,1
papy,1
désir,1
concentre,1
garantir,1
utile,1
utilisait,1
détail,1
gunter,1
gliben,1
conseillère,1
glauchen,1
exclusivité,1
plaquage,1
fournie,1
voudra,1
etes,1
6lv,1
blackstock,1
envoie,1
écouteras,1
élément,1
artistique,1
enseigner,1
comporter,1
échange,1
préférés,1
artistes,1
massages,1
radars,1
futures,1
bornes,1
peau,1
recueillerais,1
sussman,1
expéditeur,1
complice,1
paresser,1
pareils,1
flirté,1
flirtait,1
mexicain,1
terrorise,1
aiderai,1
mourir,1
intérêt,1
astaire,1
trouvera,1
fred,1
ginger,1
gratuits,1
gratuites,1
intrigante,1
rugby,1
série,1
acétate,1
cire,1
toiles,1
galettes,1
quotidiennement,1
gaies,1
haie,1
soutenais,1
artiste,1
parceque,1
écoutera,1
auditrice,1
kozakovski,1
coton,1
intégrale,1
bâtards,1
découvrira,1
nourrirai,1
havana,1
build,1
appelles,1
apparaîtrais,1
bat,1
dizaines,1
compromis,1
permettra,1
couvrirai,1
aideras,1
recommande,1
étoile,1
récipient,1
prendront,1
vérifié,1
watson,1
saints,1
dégoûtant,1
reconnaîtrais,1
dentiste,1
fée,1
vraies,1
pavie,1
monnaie,1
jus,1
contrôle,1
muzak,1
lunatique,1
austin,1
indie,1
band,1
industry,1
captive,1
dégoûtée,1
préparez,1
carriéristes,1
apprend,1
ancre,1
troupes,1
drapeau,1
agites,1
voie,1
fiancer,1
prendraient,1
écriraient,1
blessés,1
plâtre,1
catalogué,1
intégral,1
papiers,1
rassuriez,1
gâche,1
grocery,1
uniforme,1
arrêtait,1
renseignes,1
collector,1
boum,1
retirèrent,1
questionné,1
avocats,1
memphis,1
sentimentale,1
organise,1
label,1
bienfaisance,1
countdown,1
vinyl,1
cadeaux,1
conseille,1
participeront,1
clients,1
galant,1
fixer,1
washington,1
clash,1
connaîtrons,1
étiquette,1
rainier,1
motown,1
soul,1
informatisée,1
1er,1
disposé,1
contrôler,1
examiné,1
actuel,1
soutient,1
pareille,1
mural,1
croisés,1
couverture,1
flagstaff,1
darby,1
watt,1
reflétait,1
habillé,1
sciences,1
exposition,1
exhibition,1
enregistrer,1
constelo,1
fêter,1
flanelle,1
approprié,1
goûter,1
touristiques,1
visites,1
travaillions,1
éteint,1
comprennez,1
visqueux,1
splendide,1
champion,1
persuasif,1
ébouriffer,1
clairs,1
pourrions,1
métiers,1
détend,1
horaires,1
installe,1
racine,1
pleut,1
établir,1
menteur,1
gère,1
newsletter,1
assiste,1
society,1
aviron,1
herbie,1
débrouille,1
cache,1
enseigné,1
double,1
forte,1
écoutais,1
conséquence,1
absence,1
lié,1
trempé,1
collège,1
liz,1
phair,1
adorais,1
vinyle,1
hanneton,1
repenser,1
icône,1
rendrait,1
corporate,1
dateweller,1
inauguration,1
lecteurs,1
mélange,1
engagements,1
mp3,1
rapidement,1
masochisme,1
lier,1
préoccupes,1
vinyles,1
signifient,1
obligée,1
ronson,1
dock,1
dûr,1
bavardages,1
intéresse,1
paix,1
incapable,1
dizaine,1
soupçonne,1
pardonner,1
retienne,1
devras,1
fichu,1
réseau,1
embauché,1
authority,1
transportation,1
metropolitan,1
trompait,1
nomade,1
croissants,1
réconforter,1
vomis,1
évanouit,1
amérique,1
apprivoisé,1
possibilités,1
cliffy,1
astral,1
milo,1
répéter,1
orthographe,1
resté,1
gardant,1
cabine,1
rancune,1
tragiquement,1
rendaient,1
parcours,1
décevoir,1
abc,1
punir,1
frank,1
flot,1
crochet,1
commencera,1
reine,1
apprécieraient,1
connaissent,1
légendaire,1
accessoiriste,1
valables,1
lune,1
pensant,1
connaisse,1
pourras,1
grandmaster,1
flash,1
lines,1
pigs,1
jouir,1
13h25,1
joies,1
approfondirons,1
raspberries,1
metals,1
sabbath,1
plu,1
clashs,1
adoreront,1
professeurs,1
insinuer,1
propagande,1
aient,1
gâcher,1
défense,1
lemonheads,1
fond,1
téléphones,1
amusez,1
gabriel,1
déclarer,1
finisse,1
élevé,1
voisine,1
absurde,1
sortirai,1
1x07,1
rassemblement,1
fantômes,1
industrie,1
films,1
présentons,1
copines,1
eurovan,1
tourne,1
stéréo,1
envieuse,1
employé,1
naïf,1
louis,1
toit,1
pâques,1
oprah,1
tupelo,1
improvisé,1
réveilles,1
prennes,1
gestes,1
préoccupations,1
chaine,1
conditionné,1
feux,1
artifice,1
préoccupation,1
différences,1
wicca,1
ohio,1
automatique,1
connecticut,1
atlanta,1
ciel,1
détermine,1
pilote,1
pousser,1
fréquenter,1
roulettes,1
planche,1
quels,1
équilibre,1
skate,1
france,1
prétendant,1
plaisaient,1
intéressés,1
unissent,1
gaspilles,1
parlerai,1
miens,1
princes,1
excellentes,1
références,1
pilates,1
préavis,1
recevoir,1
disponible,1
surprenant,1
linguistique,1
élégance,1
enceinte,1
relâché,1
frein,1
hanches,1
facteurs,1
nécessaires,1
exulter,1
urgent,1
traiter,1
quadrillage,1
idéologique,1
constructif,1
union,1
reviendra,1
pourvu,1
travailles,1
minime,1
abel,1
caïn,1
embarrat,1
débloquer,1
identifier,1
souhaiterais,1
miles,1
attentif,1
reviendrais,1
trimestre,1
rencontreras,1
explorer,1
mange,1
suggèrent,1
guitare,1
abandonné,1
évènements,1
légendes,1
revoit,1
récents,1
violente,1
reins,1
subordonné,1
comprenne,1
dédicacée,1
vieil,1
radar,1
futurs,1
chanteur,1
beatnik,1
regretterai,1
unis,1
ème,1
nues,1
île,1
aventure,1
humble,1
stars,1
amusement,1
sente,1
décocher,1
merlot,1
salvaty,1
odieux,1
sévère,1
s01e06,1
bagarre,1
dédier,1
mn,1
vanessa,1
exceptionnels,1
devenu,1
lent,1
baisers,1
whisky,1
élémentaire,1
confus,1
imbibés,1
commerciaux,1
suivante,1
crying,1
written,1
symbolic,1
proceed,1
upload,1
réparé,1
évier,1
valiente,1
nightmares,1
survivor,1
violent,1
compléter,1
wake,1
clos,1
semblerait,1
véranda,1
plombier,1
yawn,1
donned,1
tissue,1
basketball,1
neighbors,1
nickname,1
stripper,1
s01e05,1
harvard,1
robinet,1
fuyait,1
adjustments,1
corrections,1
garper,1
cmillan,1
cortes,1
angie,1
memories,1
étudié,1
transformer,1
prononciation,1
détestes,1
sms,1
parano,1
contrariant,1
bazard,1
réussira,1
rythmes,1
élevés,1
moqué,1
trouillard,1
salariale,1
échappe,1
crains,1
prétendait,1
fausse,1
cachant,1
tirer,1
administratif,1
prétend,1
vilains,1
cauchemar,1
lexique,1
tricote,1
elmo,1
collectionne,1
défauts,1
basant,1
repart,1
apercevoir,1
infos,1
ignoré,1
professionnels,1
rapports,1
craignent,1
buvaient,1
army,1
inventant,1
suppliers,1
cost,1
properly,1
cheaper,1
airfare,1
courgettes,1
interrupt,1
shoving,1
correctly,1
contribute,1
premises,1
available,1
collection,1
croûte,1
conveniently,1
gathered,1
unbelievable,1
actual,1
bullets,1
deity,1
pornographic,1
pornography,1
matinee,1
passenger,1
thon,1
niçoise,1
uvre,1
partagerons,1
appear,1
deliveries,1
rocket,1
grape,1
pelarle,1
map,1
buñuelos,1
herbes,1
aromatiques,1
soupe,1
console,1
deb,1
brutus,1
rigole,1
bûcheur,1
applied,1
offense,1
federal,1
recycle,1
bûcheurs,1
writes,1
thread,1
prenaient,1
spoken,1
grable,1
crevais,1
décider,1
grammaticale,1
draw,1
extrêmement,1
browsing,1
accompagner,1
incorrect,1
charlita,1
charlitas,1
celebrations,1
countryman,1
nettoyer,1
grossière,1
ignorant,1
chaperones,1
exceeding,1
conspire,1
searches,1
personnage,1
choisit,1
playlist,1
sudistes,1
tenues,1
réception,1
élégante,1
changes,1
rhabille,1
droite,1
promettez,1
aille,1
falloir,1
rappeller,1
direz,1
compétences,1
guéri,1
garantis,1
difficultés,1
habillés,1
refaîtes,1
refroidit,1
yogi,1
arriverai,1
faisiez,1
honnêté,1
confidentialité,1
quittait,1
villes,1
refaire,1
comportements,1
impuissant,1
détruire,1
désertes,1
abrégé,1
contrarier,1
durée,1
expliques,1
camelote,1
inopportun,1
réaliste,1
compliquée,1
corbeille,1
récupéré,1
pittoresque,1
puissiez,1
recherché,1
empruntées,1
rêvée,1
bah,1
discret,1
revoyais,1
contrôleur,1
inverse,1
souci,1
impôts,1
fanfaronner,1
trempées,1
bridgton,1
gagnent,1
demanderait,1
compliqué,1
hocher,1
parcmètre,1
arbalète,1
traque,1
taré,1
personnalités,1
brûlées,1
adorera,1
aura,1
mcrae,1
excentrique,1
lues,1
hospitalité,1
brosse,1
toasts,1
affronte,1
élabore,1
jouiez,1
réévalue,1
cible,1
kennebunkport,1
lida,1
serveuses,1
compliments,1
généreux,1
comité,1
passionnée,1
laisseront,1
finalement,1
peuple,1
enchantement,1
viendras,1
séjourné,1
choate,1
boîte,1
combines,1
recommendantions,1
envoient,1
hanté,1
déserter,1
souligner,1
adorer,1
retournez,1
phot,1
décaler,1
inquiétiez,1
soirées,1
moteur,1
enclencher,1
reconstruction,1
compliquées,1
corsage,1
expérimenter,1
carrés,1
enfilez,1
tournoi,1
envoler,1
10h,1
emprunter,1
bénéfique,1
scores,1
tableau,1
renoncé,1
primaires,1
victime,1
habillent,1
finale,1
couleur,1
étagère,1
superbe,1
annuel,1
couleurs,1
remplaçant,1
critiquent,1
mômes,1
exclusif,1
anarchie,1
attiré,1
tarte,1
chacune,1
tante,1
anticonformiste,1
soulever,1
cruelles,1
hurle,1
torché,1
barils,1
rodney,1
liberty,1
tartare,1
hésitais,1
feint,1
recógenos,1
ashamed,1
mommy,1
bouquet,1
experiment,1
hats,1
anarchy,1
recueillir,1
despise,1
fonds,1
fourth,1
barrels,1
ronnie,1
uncle,1
bell,1
welcoming,1
accentue,1
toward,1
committee,1
produced,1
confabulations,1
incubated,1
notes,1
evaluated,1
brand,1
waitresses,1
barely,1
generous,1
archi,1
duchesse,1
guests,1
student,1
ids,1
sèches,1
annual,1
newark,1
reconnue,1
borrow,1
brushing,1
patrick,1
disclosure,1
privilege,1
ewing,1
juniors,1
fleeing,1
mike,1
shoes,1
colleague,1
aid,1
market,1
jérôme,1
crowded,1
blew,1
teeth,1
thé,1
irons,1
mercenary,1
beneficial,1
whose,1
closing,1
wondering,1
closure,1
frankly,1
quit,1
allant,1
victim,1
planned,1
rack,1
arranging,1
semblait,1
enseignements,1
bypassing,1
invite,1
surprendre,1
frightens,1
swing,1
church,1
accustomed,1
southern,1
pinceau,1
nightmare,1
pinceaux,1
dog,1
costume,1
regrettes,1
danilo,1
gallinari,1
débute,1
carrière,1
tejo,1
present,1
coups,1
preparing,1
imiter,1
ignorer,1
cogner,1
peinture,1
multinationale,1
énorme,1
devenue,1
officiellement,1
démolissent,1
acrylique,1
xtc,1
écrasé,1
pib,1
toile,1
rem,1
lou,1
basket,1
based,1
road,1
information,1
fend,1
kinds,1
mèr,1
recommendation,1
anguished,1
incredibly,1
desert,1
emphasize,1
haw,1
hee,1
study,1
daloa,1
vends,1
scroll,1
foix,1
inventing,1
fictional,1
character,1
badly,1
claims,1
prennent,1
italien,1
syllabe,1
administration,1
paranoid,1
reviewed,1
false,1
sunday,1
boarding,1
laughed,1
chicken,1
funny,1
pretends,1
suicide,1
sot,1
driving,1
ghost,1
dealing,1
glory,1
beat,1
etouffee,1
shrimp,1
géant,1
concentrate,1
incredible,1
originally,1
contacted,1
fun,1
snacks,1
variété,1
snack,1
exquis,1
spreading,1
mcspeck,1
deserting,1
confirmed,1
lobster,1
clarified,1
confused,1
confidentiels,1
ridiculed,1
teased,1
sensitive,1
girls,1
dancer,1
adequate,1
contacts,1
menu,1
unfortunate,1
frites,1
percentage,1
negotiate,1
charcuterie,1
emballé,1
violation,1
familiar,1
4ème,1
atmosphere,1
mouvement,1
sale,1
muggy,1
hot,1
whistle,1
knives,1
cesse,1
slave,1
janitor,1
towels,1
mentitas,1
cave,1
surrounded,1
spoon,1
adagio,1
turn,1
rabbit,1
tickets,1
friday,1
philharmonique,1
enthousiasmée,1
5ème,1
symphonie,1
banale,1
mahler,1
anxious,1
sandwiches,1
hat,1
considèrent,1
hurricane,1
pie,1
anymore,1
renseignements,1
rainer,1
element,1
rameau,1
greatly,1
cured,1
implemented,1
obsession,1
predict,1
accoupler,1
afflicts,1
professionnellement,1
découvrez,1
assumed,1
drawbacks,1
impractical,1
meter,1
venture,1
ganártelo,1
cúbranse,1
prêter,1
realized,1
bag,1
cousin,1
equivocaré,1
refamiliarícense,1
southerners,1
quote,1
supplies,1
yet,1
refamiliarizarnos,1
dressed,1
local,1
dialecte,1
poteau,1
parking,1
commérage,1
discrétion,1
shooting,1
sighs,1
golden,1
vomited,1
superhero,1
opposite,1
regodearte,1
pieces,1
dramatic,1
bringing,1
hurting,1
earrings,1
destination,1
cares,1
somewhat,1
obligation,1
disparu,1
unprofessional,1
dropped,1
abus,1
hague,1
harasser,1
ending,1
peach,1
scandale,1
personality,1
eccentric,1
loan,1
burnt,1
sexuels,1
revu,1
wet,1
colorful,1
organized,1
lying,1
talkative,1
oridinaire,1
reconstruis,1
nommé,1
surpris,1
appui,1
travailleur,1
refléchir,1
blessée,1
partes,1
emmène,1
évidente,1
assoir,1
monter,1
maisons,1
patés,1
huit,1
évènement,1
remarques,1
codépendante,1
kévin,1
narcissique,1
sincronización,1
lucie,1
londres,1
appelant,1
zone,1
investigations,1
contemplez,1
plaisanterie,1
encouragements,1
desfois,1
étonnes,1
watchers,1
enracinés,1
profondément,1
révélant,1
humanitaire,1
décolle,1
christ,1
shoulder,1
travel,1
passengers,1
contraptions,1
riveting,1
modern,1
cell,1
singer,1
enforcement,1
customs,1
heartbreak,1
treat,1
therefore,1
dispelling,1
mystery,1
minds,1
crosses,1
pleased,1
éplucher,1
difficult,1
supplémentaire,1
orientation,1
protéines,1
pacific,1
2nd,1
earthly,1
goin,1
grease,1
elbow,1
availability,1
lest,1
rave,1
heal,1
tone,1
authoritative,1
irresponsable,1
terriblement,1
empallé,1
dure,1
eurent,1
vécurent,1
désintégration,1
vivante,1
chronique,1
embrassez,1
travailleuses,1
tendres,1
tee,1
goût,1
tables,1
cocktails,1
vindicative,1
impitoyable,1
préserve,1
monogamie,1
archaïque,1
testons,1
opposez,1
agé,1
établissement,1
douté,1
gouter,1
gorgée,1
saouler,1
essaiez,1
polonais,1
pacte,1
pourra,1
6h,1
entrainer,1
normales,1
normale,1
faveur,1
moine,1
rubis,1
ajouter,1
amusiez,1
lâché,1
doive,1
bronzé,1
accusation,1
témoin,1
aidiez,1
espérons,1
embrassant,1
baffée,1
romantiquement,1
simplification,1
interférer,1
obéis,1
millième,1
impulsion,1
roulé,1
prévenir,1
décent,1
poings,1
perte,1
jpeg,1
jetterai,1
boule,1
boules,1
serrent,1
secondaire,1
maitresse,1
raclée,1
répugnant,1
endormir,1
mentionnez,1
téléphonique,1
outils,1
serves,1
jesus,1
brooklin,1
poppycock,1
served,1
remembers,1
inconceivable,1
booth,1
stuffed,1
giant,1
winning,1
century,1
19th,1
whether,1
hush,1
lower,1
90s,1
mid,1
kick,1
altering,1
kiddie,1
ships,1
merry,1
focus,1
tongue,1
land,1
inspired,1
compete,1
flesh,1
spilt,1
threw,1
chalk,1
awareness,1
keen,1
admire,1
totally,1
terrifying,1
round,1
natural,1
thousand,1
cope,1
planning,1
gal,1
composite,1
artist,1
sketch,1
hire,1
mopping,1
absurdly,1
driver,1
killed,1
supportive,1
happier,1
harder,1
mysterious,1
trick,1
parlor,1
absolutely,1
pool,1
launch,1
arguing,1
nerd,1
property,1
backstage,1
cab,1
photographer,1
aren,1
dying,1
hungry,1
starving,1
playful,1
hook,1
mt,1
italians,1
greeks,1
contention,1
ease,1
pillars,1
zip,1
topping,1
syrup,1
heretics,1
conflict,1
turkish,1
narrative,1
cyprus,1
investigating,1
reminded,1
devoid,1
yorker,1
jaded,1
carriage,1
lights,1
schedule,1
bliss,1
authentic,1
humbug,1
busy,1
honey,1
battlefield,1
suffering,1
casebooks,1
witnesses,1
scenario,1
arrow,1
believed,1
hadn,1
watchin,1
stages,1
acted,1
rhymes,1
songs,1
sung,1
manager,1
lifetime,1
hitches,1
impersonator,1
regular,1
suffered,1
specifically,1
somatoform,1
strays,1
coat,1
juliet,1
specific,1
introduced,1
interest,1
bunny,1
thinks,1
sucks,1
list,1
journey,1
filing,1
representing,1
neurological,1
symptom,1
makin,1
fabric,1
twisting,1
booths,1
jukeboxes,1
stuck,1
dreams,1
jealous,1
proactive,1
feeds,1
burns,1
dig,1
spectacularly,1
cheers,1
chapter,1
camionnette,1
conserves,1
jouets,1
espionnes,1
frit,1
appétit,1
quoique,1
durs,1
oeufs,1
plaisent,1
privés,1
investigateurs,1
humour,1
discuterons,1
verras,1
estimes,1
tolérerais,1
fraiches,1
raisonnable,1
datent,1
supposait,1
dépend,1
espionnage,1
privé,1
investigateur,1
déprime,1
disciplinaire,1
tribunal,1
riche,1
argenté,1
mâle,1
renard,1
estomac,1
embarqué,1
millionnaire,1
buveur,1
hériter,1
différencier,1
acquis,1
manuel,1
semblez,1
édifice,1
affectueuse,1
remords,1
regardiez,1
depression,1
remettre,1
luxe,1
copains,1
noms,1
tombent,1
interféré,1
présenté,1
sentait,1
emménagé,1
décoiffée,1
séparés,1
existé,1
registres,1
frustrant,1
natale,1
faits,1
éteinte,1
lumière,1
persuadé,1
peninsule,1
revenu,1
cerises,1
lèpre,1
convainquent,1
médecine,1
sonnez,1
récuperer,1
explique,1
ramène,1
brûlé,1
vilain,1
craintes,1
hérédité,1
chéquier,1
plaisantiez,1
niez,1
nulle,1
demandons,1
signé,1
réfléchi,1
proposé,1
desolé,1
surprend,1
merdé,1
viendrais,1
esperais,1
familiales,1
obligations,1
rejoignais,1
rangez,1
empecher,1
supplié,1
effacer,1
plongé,1
renonçant,1
jardin,1
convaint,1
fins,1
cinémas,1
muet,1
compare,1
attirantes,1
voyant,1
employés,1
critiques,1
jettes,1
fonctionnent,1
champagne,1
repensé,1
devions,1
bagages,1
choquée,1
douceur,1
mérité,1
accordée,1
facade,1
doux,1
principes,1
determinée,1
déménagé,1
légalement,1
totale,1
épouser,1
étape,1
dirigé,1
entrainé,1
sein,1
obligatoire,1
asseyez,1
naturellement,1
monterais,1
calmer,1
milles,1
blagues,1
acceptant,1
signez,1
angle,1
iront,1
avocat,1
prometteur,1
familiale,1
engagement,1
montrera,1
frappant,1
deviné,1
ecoutes,1
couché,1
5h,1
compense,1
fausses,1
engueuler,1
discussion,1
wah,1
encourageante,1
trouvais,1
apellais,1
éveillée,1
tuer,1
époux,1
honorables,1
augmentation,1
lentille,1
tiens,1
gauffres,1
horriblement,1
réels,1
vôtre,1
approuveriez,1
rappelez,1
survivent,1
majorité,1
traumatiques,1
requièrent,1
combatives,1
initiales,1
continuez,1
latente,1
indique,1
initiale,1
considère,1
préférez,1
comptabilité,1
indicateur,1
sacre,1
huîtres,1
enlevé,1
êtiez,1
cherchent,1
basique,1
reconnaître,1
tutoriel,1
plastique,1
celles,1
nappes,1
explications,1
reçois,1
crédit,1
suspect,1
épouse,1
espèces,1
dégénéré,1
coureur,1
jeunesse,1
laissant,1
abandonnant,1
évitera,1
alimentaire,1
payant,1
deviens,1
salles,1
fromages,1
incluait,1
brisera,1
misanthrope,1
aéré,1
sain,1
abandonnerait,1
nieraient,1
opportunités,1
égalité,1
divorcé,1
particulièrement,1
rentrée,1
surveillais,1
député,1
filmer,1
sentie,1
agréables,1
confortable,1
chances,1
angines,1
meurent,1
populaire,1
bavarde,1
dée,1
dirais,1
assois,1
ennuis,1
ruiné,1
prostituée,1
reparle,1
allumé,1
cernes,1
discrétement,1
definitivement,1
irais,1
infantile,1
certes,1
infantiles,1
insinuations,1
mémoire,1
souiller,1
ose,1
pavaner,1
apellent,1
trompe,1
rasé,1
décoiffés,1
sauver,1
grace,1
espèrons,1
mysanthrope,1
sagesse,1
recouvre,1
calment,1
souriaient,1
pures,1
catin,1
satisfait,1
résout,1
catins,1
séries,1
honnêtement,1
cuisiné,1
cuisinez,1
odeur,1
casiment,1
surgissent,1
habite,1
mariée,1
frapperons,1
paie,1
fiancée,1
cherchant,1
couvrira,1
séparer,1
impressionne,1
neige,1
démence,1
bonhomme,1
ramener,1
remerciement,1
toux,1
autobus,1
éloigné,1
odds,1
spins,1
fiançailles,1
engager,1
rasoir,1
fréquenté,1
absolument,1
veille,1
soûl,1
chauffard,1
tuée,1
existent,1
nommée,1
assurer,1
magicien,1
brooklyn,1
prévu,1
sacrements,1
évidemment,1
essuyais,1
portraitiste,1
adorateur,1
dessin,1
gagnes,1
viré,1
garder,1
choisis,1
italiens,1
grecs,1
éros,1
discorde,1
pomme,1
fermeture,1
disputer,1
piscine,1
prévois,1
décrire,1
pointer,1
vendent,1
médical,1
romain,1
réconfortantes,1
apporterai,1
gants,1
glaciale,1
kawa,1
citron,1
irai,1
liquide,1
rapporte,1
inscrits,1
reculer,1
regretter,1
nourrissez,1
tombant,1
tirez,1
admettons,1
suivez,1
suivants,1
bilan,1
monte,1
adorateurs,1
demandais,1
étrangers,1
incruster,1
prétendre,1
trou,1
apprenais,1
effrayée,1
réfléchissez,1
torride,1
orgasme,1
oubliez,1
travailliez,1
ennuyiez,1
aubaine,1
décident,1
espiègles,1
meurs,1
égaré,1
sono,1
livrer,1
essaient,1
vestiaire,1
comptent,1
juliette,1
océan,1
traverseriez,1
emmenez,1
entendent,1
divers,1
bleue,1
entrerez,1
occupée,1
groove,1
loué,1
patiente,1
désespérément,1
somatoforme,1
boxes,1
juke,1
audacieuse,1
proche,1
nourrissant,1
manipuler,1
spectaculairement,1
chantée,1
offerts,1
dynamique,1
grosse,1
neurologique,1
symptôme,1
représentant,1
spécifiquement,1
piliers,1
aisée,1
concentration,1
langue,1
souvient,1
saurais,1
irréel,1
géante,1
19e,1
ronge,1
remettrai,1
retrouves,1
éclatait,1
apprends,1
déclencher,1
loges,1
géniaux,1
retrouvera,1
photographe,1
attentes,1
corn,1
caramélisé,1
surmonter,1
traîner,1
détestez,1
rivaliser,1
fade,1
livrée,1
mortelles,1
conscience,1
mortel,1
admirer,1
terrifiant,1
engin,1
verticale,1
manège,1
hauteur,1
préparé,1
préparée,1
sacraments,1
durera,1
métier,1
réapprendre,1
fauté,1
répondu,1
partirait,1
nécessaire,1
dévêtir,1
insinuation,1
déranger,1
accrocher,1
amenez,1
parie,1
schizophrènes,1
médication,1
résistant,1
foirage,1
relâchement,1
légume,1
vérifie,1
doucement,1
démarre,1
vénus,1
messager,1
tenait,1
licorne,1
sauvé,1
keum,1
fabuleux,1
parliez,1
encadré,1
aile,1
adores,1
espoir,1
disparues,1
étrangement,1
injectés,1
flots,1
irlande,1
enverra,1
expiré,1
médias,1
racontes,1
interviewe,1
répète,1
arrivent,1
flics,1
fuir,1
impressionnée,1
bouleversée,1
tombera,1
somptueux,1
disparaître,1
impressionner,1
fissa,1
comptais,1
rispéridone,1
revendiquer,1
halopéridol,1
tenace,1
cordes,1
réclament,1
psychanalyse,1
généralement,1
débarrasser,1
souhaitiez,1
indispose,1
surfait,1
loi,1
auteur,1
officiers,1
raconterai,1
annonce,1
fondateur,1
pélée,1
banni,1
intelligents,1
béguin,1
transcendantale,1
entendez,1
rues,1
dépensé,1
transcendante,1
fallu,1
gare,1
bossais,1
contenter,1
voeu,1
clairement,1
annonces,1
continues,1
comble,1
prônez,1
minotaure,1
troie,1
soyeux,1
coulera,1
tiendrai,1
karaoké,1
duo,1
descendant,1
conclure,1
arraché,1
lentement,1
estompées,1
mortes,1
fièvre,1
amitié,1
mutuel,1
solide,1
foudre,1
emballées,1
antiquité,1
baigner,1
paso,1
progresse,1
emploi,1
informés,1
tenant,1
hebdomadaire,1
voudrions,1
continuiez,1
approuvons,1
inquiétudes,1
soulage,1
x,1
inoffensif,1
reconnaissez,1
ignoriez,1
noires,1
réintégrer,1
démarrer,1
approche,1
adaptation,1
diagnostic,1
disparais,1
loues,1
rivière,1
sehderik,1
pluch,1
arrêtez,1
pharmacologique,1
gardez,1
feignais,1
cibles,1
concepts,1
informel,1
suivant,1
cabines,1
miracle,1
inter,1
pledge,1
wise,1
suggesting,1
packed,1
chief,1
lately,1
packin,1
shifts,1
antique,1
bathe,1
greeting,1
spanish,1
misdiagnosed,1
disappeared,1
renting,1
proofreading,1
chastity,1
text,1
staked,1
audited,1
sturdier,1
built,1
sight,1
minotaur,1
wrestle,1
copperring,1
reach,1
preaching,1
infatuation,1
spread,1
bought,1
unfortunately,1
directions,1
summer,1
meetings,1
reputation,1
faking,1
dimensionnel,1
relieves,1
demonstrated,1
refers,1
despite,1
earth,1
mythology,1
chicks,1
trojan,1
during,1
ban,1
peneleos,1
founder,1
messenger,1
highlights,1
career,1
stick,1
doe,1
qualms,1
barrel,1
approve,1
fish,1
patterns,1
roundtable,1
informal,1
mediate,1
approach,1
pharmacological,1
readmitted,1
stops,1
caseload,1
informed,1
keeping,1
weekly,1
basis,1
trial,1
foundation,1
shared,1
interests,1
lunatic,1
orgasm,1
screaming,1
beach,1
verify,1
tuesday,1
dead,1
knocking,1
stage,1
cue,1
heartwarming,1
performing,1
shows,1
reads,1
server,1
gloves,1
grope,1
bartender,1
mutual,1
carried,1
thrashy,1
security,1
strangers,1
insert,1
entirely,1
proclaim,1
blank,1
drawing,1
boogie,1
deserves,1
someplace,1
coun,1
across,1
flown,1
unnerved,1
hottie,1
java,1
dragon,1
drain,1
training,1
pouring,1
bartending,1
duets,1
karaoke,1
offering,1
announcement,1
wrap,1
ripped,1
slowly,1
fades,1
chemistry,1
establish,1
possibly,1
friendship,1
roman,1
dawn,1
celebrity,1
bucks,1
lime,1
anywhere,1
sing,1
liquid,1
shots,1
signed,1
feeding,1
judge,1
downtown,1
letting,1
methodology,1
madly,1
matches,1
remind,1
unicorn,1
jams,1
bailed,1
différents,1
traverse,1
passagers,1
permettent,1
volants,1
engins,1
article,1
modernes,1
inventions,1
adieu,1
raté,1
espérait,1
douanes,1
dissiper,1
mystérieux,1
fragiles,1
océans,1
capitaine,1
atlantique,1
habituerez,1
2e,1
guérir,1
pourrez,1
coude,1
huile,1
permanente,1
disponibilité,1
douteriez,1
paierai,1
déjeunons,1
probable,1
retomberas,1
persuadée,1
croirais,1
autoritaire,1
esprits,1
jésus,1
bataille,1
champs,1
gréco,1
conflit,1
récit,1
chypre,1
foirer,1
découvrant,1
merveilles,1
dépourvus,1
blasés,1
parc,1
calèche,1
lumières,1
assurerai,1
ordinaire,1
réunis,1
turc,1
hérétiques,1
feront,1
chante,1
souffrances,1
soldats,1
remplis,1
décrieraient,1
témoins,1
scénario,1
rimes,1
sirop,1
chanté,1
disaient,1
miel,1
sottise,1
authentique,1
nappage,1
pacifique,1
confident,1
gangsta,1
craft,1
yammered,1
afters,1
matched,1
necessary,1
disrobe,1
disturb,1
fantastic,1
mister,1
newest,1
everybody,1
wild,1
schizophrenics,1
medication,1
resistant,1
oddly,1
relearning,1
knock,1
protection,1
bowless,1
described,1
optional,1
clothing,1
nonstop,1
postcard,1
framed,1
window,1
timers,1
medicate,1
learning,1
hopes,1
delusional,1
relief,1
presents,1
max,1
drool,1
puddle,1
pumped,1
risperidone,1
syne,1
lang,1
straight,1
expired,1
publicity,1
interviewed,1
cops,1
impressed,1
whoever,1
prank,1
pulled,1
showtime,1
heads,1
weak,1
gestures,1
officers,1
selling,1
author,1
speaking,1
haloperidol,1
steadfast,1
seemed,1
clamoring,1
psychiatry,1
psychiatrists,1
generally,1
somewhere,1
inconvenience,1
overrated,1
law,1
breaks,1
become,1
realizing,1
donnant,1
surpasser,1
saccagé,1
rdame,1
accelerating,1
wont,1
teen,1
fueling,1
holder,1
cierto,1
bite,1
sold,1
hidden,1
deceptive,1
brokers,1
utility,1
settlement,1
echesa,1
bela,1
trains,1
recover,1
letter,1
dulinnor,1
gitmo,1
joking,1
rear,1
amiss,1
decided,1
rselo,1
paneas,1
ndo,1
criarme,1
ability,1
sensible,1
pacifist,1
pruned,1
s01e03,1
correction,1
buzz,1
picaba,1
évacuer,1
brusque,1
réglée,1
bouchon,1
éthiopien,1
couverts,1
drastique,1
angoisse,1
salute,1
trinquer,1
travaillant,1
maintient,1
prêcher,1
hommage,1
précipité,1
manques,1
combler,1
suisse,1
rayon,1
hated,1
contrariée,1
mustache,1
rocks,1
affreuse,1
accepte,1
ramenerai,1
raul,1
embête,1
voudrait,1
retenir,1
rattrape,1
dévasté,1
intensité,1
allait,1
co,1
tracasser,1
whenever,1
affairs,1
particularly,1
slight,1
consideration,1
insecurity,1
pajamas,1
quito,1
thursday,1
bored,1
chemical,1
sociable,1
transformed,1
behavior,1
cheerful,1
sabãan,1
angelic,1
decline,1
thick,1
tense,1
suspicion,1
leftist,1
apartments,1
disagreements,1
fundamental,1
besides,1
salãas,1
cat,1
leap,1
web,1
biography,1
bombing,1
cambodia,1
interesting,1
expected,1
grafo,1
winners,1
hopefully,1
amount,1
additional,1
essay,1
deserve,1
gigantic,1
preclude,1
essential,1
policies,1
importa,1
crate,1
walks,1
boom,1
republicano,1
games,1
premilinares,1
dispense,1
internally,1
convicted,1
soa,1
extreme,1
opposites,1
spectrum,1
playwright,1
competition,1
contest,1
earn,1
suitcases,1
genius,1
undiscovered,1
quoted,1
nullified,1
according,1
armando,1
involve,1
arms,1
adulthood,1
mattered,1
armure,1
reportage,1
abordent,1
bouderie,1
mesdames,1
atteindre,1
passionne,1
nucléaire,1
considérer,1
brute,1
résoudra,1
défendre,1
chahuter,1
inacceptable,1
attaquer,1
barbe,1
bouscule,1
exploser,1
continuait,1
messieurs,1
enfer,1
arranges,1
dexu,1
posé,1
tripoter,1
métaphore,1
faibli,1
mises,1
complet,1
sages,1
détaillants,1
barmans,1
calvitie,1
ignorent,1
chauve,1
abcès,1
crevons,1
doses,1
satisfaisante,1
encaisser,1
mondiale,1
gouvernement,1
instruits,1
risque,1
crasse,1
oeuf,1
roule,1
soja,1
voisin,1
privée,1
maths,1
bouquin,1
venue,1
traîne,1
géométrie,1
texto,1
gorge,1
blessure,1
plaisantais,1
marre,1
aboslument,1
directement,1
amène,1
doivent,1
poltrons,1
occidentale,1
civilisation,1
rempart,1
diplomatie,1
oubliais,1
cinglés,1
bombarder,1
sales,1
bush,1
insulter,1
elevé,1
humide,1
matinale,1
manquez,1
battu,1
vrais,1
éponge,1
continué,1
lendemain,1
reviendrait,1
poussais,1
entraîne,1
inculquer,1
marhall,1
senti,1
viole,1
décideront,1
rassembler,1
pérou,1
suivait,1
efforts,1
suture,1
animatrice,1
entaille,1
fomenter,1
forcément,1
mouche,1
furieuse,1
gaspillez,1
monstrueuse,1
chahute,1
arrêteraient,1
qoui,1
soutiendrai,1
aimerai,1
manières,1
tabassé,1
tapette,1
quant,1
ramasse,1
bandoulière,1
egoïste,1
empli,1
agence,1
trace,1
retrouvé,1
empêcher,1
reprend,1
désobéissance,1
déménagement,1
républicains,1
soumettre,1
rentrant,1
puisqu,1
règlerai,1
parlera,1
écrira,1
barrières,1
infiltré,1
oublierai,1
calmée,1
prudent,1
délirante,1
délirant,1
vent,1
antérieure,1
ronin,1
samouraï,1
méchant,1
moche,1
grossier,1
prudente,1
ouvrira,1
appeliez,1
escompté,1
éclaté,1
portions,1
sneezes,1
wines,1
plays,1
response,1
peru,1
younger,1
ndose,1
leaves,1
mature,1
helped,1
delirious,1
wind,1
samurai,1
habrãa,1
creative,1
cruel,1
stralen,1
suggest,1
advertised,1
puerta,1
noquee,1
stuff,1
jame,1
above,1
realmente,1
effort,1
towel,1
volverãa,1
pressed,1
soaked,1
overweight,1
worth,1
attitude,1
instill,1
mostly,1
order,1
authorization,1
sharp,1
clarify,1
novato,1
basa,1
challenged,1
reubicaciã,1
republicans,1
saba,1
sabãamos,1
affected,1
partners,1
gma,1
barricade,1
hold,1
espa,1
remedy,1
possess,1
medo,1
leaning,1
low,1
choice,1
beginning,1
further,1
desired,1
adia,1
talked,1
discussed,1
failed,1
cyl,1
reacting,1
investiguã,1
seguirãa,1
quero,1
database,1
agency,1
tracking,1
boxeando,1
via,1
fag,1
nfrom,1
manners,1
déroulement,1
tangente,1
boutade,1
sérieuses,1
esquivez,1
traitez,1
mentale,1
sentirez,1
dos,1
k7,1
glisser,1
thrilled,1
host,1
words,1
raa,1
foods,1
précise,1
compensation,1
rtelo,1
creusiez,1
entourée,1
serez,1
suggère,1
ranger,1
puisque,1
valoir,1
interne,1
fonctionnement,1
commençant,1
caché,1
gimlet,1
clic,1
relais,1
cherchait,1
donneraient,1
slow,1
destroyed,1
neighborhood,1
sunshine,1
drinks,1
tribute,1
hastened,1
holes,1
knight,1
corner,1
continuation,1
surely,1
ingenious,1
fly,1
treats,1
sabaa,1
grave,1
comet,1
fights,1
carrying,1
weapons,1
keeps,1
etãope,1
lifting,1
invites,1
direct,1
vaya,1
bottle,1
cork,1
fingers,1
ntame,1
lentils,1
requires,1
acting,1
hiciste,1
strict,1
cuá,1
fora,1
stayed,1
jala,1
distanciados,1
critical,1
palm,1
substantially,1
increased,1
mirone,1
moving,1
caa,1
mellow,1
using,1
barbera,1
cup,1
llense,1
mao,1
pela,1
interested,1
estamos,1
alienated,1
ours,1
secrets,1
surprising,1
surprisingly,1
ticking,1
naming,1
simo,1
computer,1
fault,1
socks,1
alguien,1
química,1
tienes,1
finalmente,1
ver,1
lindo,1
tan,1
lata,1
una,1
cerveza,1
entusiastas,1
spectator,1
perros,1
pelea,1
armas,1
drogas,1
areas,1
das,1
ble,1
gets,1
metiches,1
perde,1
ramos,1
hubiã,1
entrance,1
hen,1
admirable,1
producimos,1
pequeño,1
alike,1
ny,1
mob,1
picasso,1
coulaine,1
chinon,1
chateau,1
spit,1
segmento,1
entrar,1
methods,1
flattered,1
psb,1
comunidad,1
héroes,1
ceased,1
terminated,1
term,1
flames,1
college,1
civilization,1
western,1
bulwark,1
diplomacy,1
madman,1
bombard,1
accomplished,1
ntal,1
charm,1
siento,1
insulting,1
downfall,1
siblings,1
raised,1
tired,1
rewarding,1
folder,1
bothering,1
habãamos,1
mamma,1
bars,1
steals,1
bare,1
exceeded,1
dejo,1
cups,1
task,1
quã,1
defend,1
attacking,1
willing,1
chico,1
safety,1
borrowed,1
pray,1
military,1
government,1
askance,1
throat,1
damelo,1
arose,1
moved,1
skilled,1
rmol,1
block,1
disturbing,1
beam,1
destiny,1
breeze,1
donor,1
coupled,1
donors,1
geometrãa,1
mathematical,1
homework,1
soy,1
injury,1
tion,1
tra,1
educated,1
garbage,1
scara,1
extremely,1
fiesta,1
brother,1
university,1
bedroom,1
neighbor,1
sorpresa,1
inca,1
affrontent,1
bougent,1
epouse,1
v,1
di,1
increase,1
gritarte,1
oops,1
refer,1
prepare,1
husband,1
honorable,1
creator,1
magnifying,1
needed,1
noticed,1
guard,1
barks,1
papá,1
sl,1
div,1
comida,1
clir,1
yours,1
considering,1
usual,1
subyoutulo,1
jumps,1
trauma,1
encounters,1
ter,1
atracciã,1
latent,1
indicates,1
encounter,1
indicator,1
approval,1
compensating,1
recibí,1
conoces,1
basic,1
él,1
eso,1
teaching,1
considered,1
ora,1
cheeses,1
plate,1
incluãa,1
wider,1
hoe,1
azã³n,1
th,1
overlook,1
refused,1
opportunities,1
equal,1
romántico,1
nuestro,1
parece,1
andaba,1
waffles,1
mente,1
fuera,1
noche,1
día,1
ti,1
aquí,1
ambiente,1
creando,1
estoy,1
oysters,1
pound,1
shell,1
calo,1
acá,1
switched,1
picamente,1
attacks,1
collected,1
thou,1
childhood,1
memory,1
sully,1
dare,1
mistaken,1
shaving,1
circles,1
backward,1
manage,1
monitored,1
prostitute,1
deputy,1
repentance,1
pleasant,1
hadst,1
proud,1
masters,1
rsvp,1
osa,1
maiden,1
manner,1
depresiã,1
lisa,1
upset,1
feet,1
investing,1
hiddenport,1
ut,1
sup,1
goddess,1
separated,1
confronted,1
birthday,1
guts,1
annoyances,1
either,1
pope,1
pãldoras,1
input,1
casa,1
dementia,1
dignity,1
arise,1
sanity,1
regain,1
smiled,1
pure,1
whore,1
satisfied,1
hookers,1
pujen,1
heaven,1
receipt,1
bus,1
sweets,1
runs,1
malãsima,1
bachelor,1
bride,1
ground,1
divided,1
incidentally,1
search,1
coughs,1
path,1
periodic,1
dico,1
reflects,1
snow,1
notice,1
youth,1
recognized,1
whoop,1
shock,1
edited,1
podnapisi,1
reminde,1
london,1
tri,1
area,1
photography,1
research,1
provides,1
joke,1
revealing,1
narcissistic,1
codependiente,1
rebuilding,1
whirlwind,1
irresponsible,1
millisecond,1
flee,1
loose,1
unbraided,1
tanning,1
prosecutor,1
helper,1
rejected,1
holy,1
slapped,1
simplificacion,1
speaks,1
atracion,1
allready,1
interfering,1
instincts,1
due,1
lazy,1
knighted,1
breathing,1
tutorial,1
den,1
protein,1
plush,1
fautes,1
verrais,1
négative,1
lourd,1
crédits,1
aléatoires,1
colle,1
marchés,1
recommencer,1
valorisé,1
pauvre,1
déshéritait,1
marions,1
tonigh,1
vt,1
deep,1
volunteer,1
autentic,1
burned,1
cala,1
sons,1
rule,1
near,1
assured,1
shoud,1
blocks,1
museum,1
humanitarian,1
aircraft,1
potatoes,1
peel,1
psychiatrist,1
roled,1
warned,1
bito,1
seeing,1
apologize,1
sip,1
pact,1
haca,1
imported,1
sad,1
podãas,1
object,1
failure,1
archaic,1
lasts,1
monogamy,1
desintegraciã,1
nica,1
spark,1
establishment,1
thin,1
stand,1
atra,1
appreciate,1
stico,1
pla,1
tablecloths,1
donates,1
permit,1
suspicious,1
nobody,1
womanizer,1
degenerate,1
apples,1
data,1
toys,1
cans,1
truck,1
embrace,1
workers,1
genes,1
sucedió,1
jpegs,1
rtela,1
strip,1
ii,1
pelota,1
idden,1
tightening,1
fist,1
opened,1
repulsive,1
asleep,1
ip,1
tools,1
ephy,1
photogra,1
seeking,1
enjoying,1
suggested,1
waitress,1
twist,1
nine,1
taste,1
creation,1
desk,1
cteles,1
vindictive,1
create,1
ruthless,1
monk,1
paired,1
weddings,1
ruba,1
separate,1
cavity,1
existed,1
formed,1
chérubin,1
amener,1
poids,1
également,1
recevez,1
méritante,1
trouvaient,1
littéraire,1
compétition,1
concours,1
participé,1
lancement,1
invitation,1
écroule,1
méconnus,1
méconnu,1
rondouillard,1
parlaient,1
dramaturge,1
joyeux,1
cambodge,1
bombardais,1
laisserais,1
grâce,1
gagnant,1
repartiras,1
tendue,1
fourni,1
assurance,1
8h,1
jeudi,1
chace,1
résussite,1
ennuyer,1
chimie,1
génie,1
danseur,1
clerical,1
radicale,1
nez,1
fourre,1
mineur,1
guantanamo,1
plaisantait,1
croyait,1
rire,1
comptes,1
élever,1
susceptible,1
traqué,1
pacifiste,1
rigolez,1
prétendu,1
tapé,1
gauchiste,1
passerait,1
juive,1
fout,1
immisciez,1
passionnés,1
davantage,1
passionnait,1
annulé,1
mutuellement,1
éventail,1
intervenir,1
majeur,1
obstacle,1
primordial,1
bam,1
entendaient,1
préliminaires,1
trouille,1
arrangées,1
profil,1
sortais,1
remplissez,1
pompette,1
ayiez,1
étonne,1
chaussette,1
finissiez,1
chérie,1
appartient,1
moralisatrice,1
chieuse,1
voyeuriser,1
arrêtent,1
glissant,1
moelleux,1
barbara,1
taisez,1
million,1
inventaire,1
marchent,1
etonnamment,1
hmm,1
bougé,1
posant,1
marbre,1
bloc,1
pénible,1
bruit,1
évidence,1
donneur,1
classeur,1
annulées,1
papier,1
redhibitoire,1
etonnant,1
mentionnée,1
intéressée,1
mousseusse,1
cannettes,1
distinguée,1
donniez,1
partait,1
meilleures,1
cachottier,1
coupon,1
fiston,1
volaille,1
débutant,1
morve,1
recouvert,1
éternué,1
fondamentales,1
divergences,1
formidable,1
chéri,1
gratuitement,1
pauvres,1
combats,1
seau,1
lignée,1
picassés,1
chinot,1
découlé,1
château,1
râter,1
cracher,1
produit,1
voudrez,1
vaille,1
flatté,1
psp,1
communauté,1
séquences,1
banque,1
locale,1
espionne,1
disciplinary,1
fox,1
melo,1
mage,1
tirarme,1
ntete,1
sia,1
mintió,1
millonario,1
personaje,1
pregunté,1
irish,1
inherit,1
differentiate,1
espionage,1
sabãas,1
wealthy,1
depressing,1
turned,1
investigator,1
invented,1
bean,1
ncer,1
race,1
requested,1
literacy,1
bunch,1
along,1
submit,1
roga,1
fear,1
inheritance,1
fears,1
biggest,1
villain,1
anybody,1
confirm,1
pants,1
upstairs,1
peninsula,1
remembered,1
rate,1
homeless,1
marraschino,1
cherries,1
leprosy,1
students,1
medical,1
retrieving,1
explains,1
proceeding,1
spent,1
picked,1
burning,1
convinced,1
bombita,1
frustrating,1
underestimating,1
arrived,1
fried,1
tough,1
investigators,1
lovers,1
humor,1
tolerate,1
manual,1
humorous,1
reasonable,1
cast,1
tions,1
granted,1
depends,1
trained,1
rich,1
assis,1
sticks,1
validated,1
monkeys,1
sate,1
infants,1
garden,1
finest,1
level,1
mido,1
precisely,1
positive,1
parade,1
employees,1
tics,1
bread,1
champaã,1
few,1
negative,1
loco,1
glace,1
sienne,1
fourchette,1
bosser,1
tuerait,1
supercherie,1
jetez,1
bois,1
solides,1
donnera,1
brique,1
verser,1
chatouillait,1
détestait,1
bobonne,1
moustache,1
sharing,1
speech,1
erased,1
resolve,1
ngulo,1
promising,1
accepting,1
suit,1
commitment,1
killing,1
belo,1
gustarãa,1
guessed,1
attorney,1
sweetness,1
deserved,1
softness,1
terms,1
legally,1
portfolio,1
obscures,1
agreeing,1
crawl,1
checkbook,1
aleje,1
manna,1
deny,1
mistress,1
mistook,1
quality,1
receives,1
celebration,1
40th,1
alcohol,1
lawyer,1
jokes,1
demons,1
fs28,1
