Mot;Occurrence
after;165
the;4194
trial;17
i;5540
had;302
to;3485
get;611
counseling;5
just;762
so;614
could;241
sleep;32
there;890
was;1619
all;673
that;2989
proof;13
we;1454
turned;21
our;141
back;393
on;910
charlie;242
crews;345
in;1607
his;611
first;112
years;161
office;53
robert;5
stark;22
former;3
partner;126
of;1637
he;2048
prison;111
hospital;7
more;133
than;77
out;661
cop;121
doing;147
time;271
please;69
broke;30
nearly;12
every;77
bone;8
body;71
heard;86
they;792
cut;43
him;763
real;94
bad;106
too;238
over;175
stitches;2
dr;24
alan;1
fay;1
pelican;12
bay;12
surgeon;1
about;719
mean;170
jury;13
only;113
for;1110
an;258
hour;25
case;68
reopened;1
found;158
none;28
physical;6
evidence;22
scene;31
matched;6
officer;47
wasn;144
t;2185
one;577
thought;131
guilty;26
did;735
tell;326
you;6746
didn;455
do;1018
it;2720
jennifer;12
conover;7
ex;42
wife;121
yes;219
and;1891
how;488
feel;73
when;457
being;63
exonerated;4
innocent;18
don;781
wanna;124
this;990
anymore;40
constance;14
griffiths;9
attorney;14
as;214
said;322
at;475
press;15
conference;5
detective;299
life;136
sentence;5
is;1412
what;1603
got;549
penitentiary;4
los;36
angeles;35
four;66
months;43
later;21
are;636
aren;48
yeah;596
guess;150
am;159
okay;435
well;374
would;415
like;750
be;686
sure;178
because;298
re;894
walk;33
into;116
a;3269
crime;45
m;710
great;34
reese;237
s;2978
kid;75
your;951
day;85
if;562
think;467
can;685
handle;25
myself;42
small;32
caliber;13
close;66
range;12
probably;47
not;1055
lot;157
noise;4
no;1034
reported;7
hearing;3
anything;163
bullet;39
through;76
dog;45
won;82
move;25
find;229
slug;1
ma;25
look;246
looked;26
ask;172
sir;31
hey;158
good;238
boy;25
here;763
beneath;1
skin;10
must;79
have;865
caught;24
gut;1
exited;1
right;483
vet;2
ballistics;8
way;166
me;1221
animal;22
reg;1
my;885
location;3
bring;47
something;338
master;45
hold;46
looks;86
finger;10
took;140
then;307
shooter;10
off;180
anyone;63
ever;148
love;73
much;92
font;212
color;108
ffff00;54
www;36
ydy;69
com;84
bbs;26
proudly;33
presents;36
sync;40
ßçèâèâ;28
money;210
krebbs;1
zerco;1
lapd;55
current;5
going;203
work;160
now;453
settlement;17
ted;108
earley;24
financial;11
advisor;8
undisclosed;3
by;151
court;18
order;8
details;1
liberty;2
say;263
million;28
talk;214
which;64
want;540
looking;140
transfer;4
soon;18
nope;13
who;477
pissed;7
partnered;3
up;537
with;819
handed;5
slip;3
paper;14
new;105
mention;29
why;505
getting;61
stuck;4
isn;120
exactly;65
promotion;2
might;89
habit;4
yours;34
but;846
either;46
big;78
talker;2
see;367
ve;245
learned;14
already;27
john;111
biological;2
son;74
alyssa;4
from;351
her;662
marriage;7
another;62
own;74
daughter;43
adopted;2
always;111
member;8
family;73
where;439
father;106
jail;53
uh;205
possession;3
intent;1
distribute;1
ten;34
scout;6
troop;7
part;54
made;111
entirely;2
boys;12
fathers;1
almost;18
break;24
last;185
month;22
um;37
some;268
cash;40
jewelry;6
taken;29
changed;21
locks;12
alarms;2
makes;46
paranoid;3
understand;87
pot;15
know;1166
overprocess;1
everything;108
end;33
spinning;1
freak;5
high;21
today;41
warren;1
sunday;2
little;120
wake;7
bake;1
next;54
few;74
hours;41
gonna;359
kinds;4
law;42
enforcement;7
crawling;2
beautiful;15
house;144
turn;32
bag;28
grade;2
chronic;1
need;298
herefor;1
may;40
speak;30
thing;116
go;497
bathroom;14
done;92
make;140
flush;5
maybe;257
twice;10
excuse;25
hell;42
dead;229
dad;94
locked;19
holding;18
hay;1
stepdad;1
possible;19
suspect;32
murder;91
child;16
man;193
kill;150
fingers;5
seemed;9
really;189
sad;14
superior;5
responsible;4
actions;4
jammed;7
both;99
adults;2
problem;43
rat;9
squad;7
phone;108
pocket;9
science;4
fiction;2
living;53
future;15
having;55
trouble;35
school;45
neighborhood;4
other;143
kids;71
happened;118
nothing;118
suggesting;1
sorry;77
course;46
weren;34
questions;39
husband;90
mark;30
married;50
drugs;50
came;136
d;507
went;157
knew;106
away;140
dumped;7
divorce;7
papers;12
mail;15
two;236
dads;2
records;24
violence;10
against;48
children;32
those;231
call;170
hit;48
pretty;88
chewed;1
mad;12
even;118
word;34
kinda;27
kind;137
fault;2
take;240
responsibility;1
moment;41
stayed;9
present;7
been;244
thinking;62
left;86
should;184
completely;5
people;214
usually;36
leave;97
come;280
without;27
cavity;1
search;25
old;61
times;33
sake;3
us;332
rawls;23
sweetheart;2
maximum;4
security;47
facility;2
let;260
funeral;10
mr;77
f;18
help;141
raise;10
voice;23
stop;79
hate;37
cops;76
oh;256
any;166
enemies;7
hurt;26
killing;37
touch;21
everyone;56
saw;152
weeks;17
ago;68
seem;43
kept;26
saying;51
shouldn;26
needed;29
believe;65
threats;8
home;120
shifts;1
convicts;2
goes;51
means;52
inmates;2
care;51
were;500
difference;11
correctional;4
con;14
escort;3
angry;19
convict;10
anger;8
ruins;2
joy;1
steals;2
goodness;1
mind;38
forces;1
mouth;14
terrible;11
things;134
overcoming;1
brings;8
peace;8
leads;4
regrets;1
overcome;1
will;158
delightful;1
loved;50
making;29
fun;20
universe;3
insecure;1
detach;2
feelings;9
event;3
object;5
attached;12
car;184
license;14
registration;3
damn;8
aware;11
lanes;1
signaling;1
better;62
tyler;34
suppose;7
lift;2
head;65
ah;17
mushy;1
problems;10
green;2
anjou;1
allergic;2
pears;1
gives;13
them;294
rash;1
though;55
sort;12
lie;46
woman;84
lying;18
fight;27
department;16
place;67
discussion;3
wanted;152
step;21
she;875
thinks;21
hug;3
mindfully;1
meet;23
person;66
open;41
arms;5
heart;21
inside;28
longer;20
offered;5
sell;18
information;15
technicality;3
arrest;30
met;41
online;21
sent;43
god;38
lawyer;33
believed;7
paid;28
stuff;67
show;67
told;146
somebody;39
email;2
blinded;3
glint;1
badge;23
dani;46
bobby;46
common;12
used;109
partners;13
juarez;5
shot;119
picture;27
huh;52
account;12
celebrity;4
camera;16
federal;15
does;144
bother;11
spent;17
joint;7
guy;201
door;84
pal;5
down;204
cause;82
job;102
investigation;14
works;23
parents;19
missed;5
night;132
wednesday;1
dinner;18
mom;38
sat;9
three;92
alive;35
lieutenant;8
working;77
program;10
pee;1
cup;7
tough;17
draw;3
lucky;27
girl;121
messed;8
bottom;10
list;37
whole;32
talking;78
force;22
l;57
screwed;4
wondering;5
send;31
remember;96
eat;32
crap;19
career;6
nice;72
keep;67
world;53
supervision;1
gets;54
has;133
removed;5
duty;14
alerted;1
police;71
happen;42
apparently;9
allowed;10
dispose;1
quantity;1
marijuana;2
toilet;7
prior;2
long;87
lived;15
furniture;6
coming;70
sign;11
orange;9
grove;4
happy;53
unwind;1
deal;27
friend;63
meditating;2
sounds;23
peaceful;3
includes;2
tractor;7
red;30
read;25
forbes;1
very;107
ceo;4
attercliffe;3
capital;4
white;21
collar;4
insider;2
trading;3
saved;13
live;55
garage;13
room;68
above;5
name;175
asked;68
stands;5
instant;2
message;12
trace;10
ll;312
secret;32
gibney;7
workg;1
thinugh;1
doesn;105
anybody;40
downstairs;6
or;254
tried;29
past;12
killed;243
same;61
sit;26
free;31
someone;191
running;9
scam;10
offering;1
ridiculous;5
pay;48
stole;19
lied;20
early;10
hello;36
answer;24
fighting;4
tonight;13
buy;24
fruit;34
before;127
basic;3
book;30
pension;4
google;6
enough;42
framed;1
commit;2
calling;17
yesterday;18
melon;4
fresh;6
juicy;2
address;27
remarried;4
wants;70
bride;7
eight;12
date;23
hear;56
plenty;6
dates;3
year;73
mother;52
wouldn;71
zen;47
daddy;6
still;135
else;156
stupid;20
late;12
talkin;3
dug;1
junkie;7
named;25
lonnie;8
garth;5
known;20
hangs;2
crack;5
houses;4
downtown;6
sending;7
mug;7
actually;52
turns;19
n;7
units;8
located;4
5th;1
main;1
become;10
again;67
held;4
wow;12
command;2
set;31
once;43
guys;53
finding;5
nine;9
fingered;1
crackhead;2
devils;2
never;212
arthur;56
morning;39
give;95
started;15
yelling;6
watched;6
waiting;22
goin;7
dream;19
water;18
shower;7
run;54
complicated;8
screen;6
directory;3
tins;50
served;5
credit;16
card;24
scams;3
paroled;3
six;47
doin;4
uncomfortable;1
wait;52
figured;7
full;43
searched;8
computer;32
sucked;2
lost;29
curious;9
calls;26
between;28
client;26
famous;4
record;27
proves;2
explain;9
fact;13
remains;1
communicating;1
felon;2
parole;11
violation;3
carry;6
drink;30
mango;4
guatemala;1
connected;28
shoot;60
protective;2
lockup;4
somewhere;37
start;32
catch;14
face;42
brought;23
supposed;51
prepared;6
ahead;34
complaint;10
allow;6
controlled;1
substance;3
flushed;1
history;11
rehab;4
clean;34
follow;11
compromised;1
dna;22
40k;1
missing;36
seen;75
drive;31
sorta;1
oranges;5
season;12
california;11
rush;2
forward;10
a6;20
opened;8
ran;24
matter;11
anyway;19
bus;13
gotta;64
ride;25
put;135
clothes;10
wedding;20
walking;8
aisle;2
bridesmaids;2
dress;10
anna;78
turner;3
hotel;20
housekeeping;1
cover;21
cared;5
appearance;1
killer;67
town;13
guests;3
checked;17
friends;69
until;46
gifts;4
least;11
grand;20
robbery;11
gone;51
wrong;46
photographed;1
inventoried;1
hoping;10
split;16
groom;2
hasn;12
yet;28
stick;16
around;96
far;14
shoes;13
wallet;3
watch;29
keys;9
jake;45
silvers;9
listen;30
floor;16
drill;4
shoe;8
heavier;1
lower;3
carpet;2
expect;11
expectations;2
whatever;22
change;12
normal;11
slow;4
tequila;2
blood;77
stand;18
while;46
outta;11
ö;8
ê;8
µ;13
â;18
episode;9
carl;17
ames;52
retired;10
lead;41
worked;59
closed;14
tom;39
seybolt;24
boyhood;1
owner;18
bar;33
skimming;3
settle;3
books;9
kills;11
couple;25
uncle;4
these;181
stun;1
baton;1
volts;2
felt;18
hope;13
die;43
bitch;4
weddings;1
hair;16
blunt;3
trauma;3
pushed;10
hard;44
wall;19
strong;11
thanks;50
tiffany;6
tiffie;6
younger;6
brother;26
treated;3
disposable;3
cameras;16
collect;2
drinking;29
beer;12
steady;1
wodn;1
alcohol;7
level;9
test;21
number;52
tombstone;3
couldn;56
suite;1
passed;5
woke;6
everywhere;9
corner;6
covered;15
laying;2
assault;17
violent;8
drunk;27
haven;28
detectives;52
party;46
counselor;2
admission;1
blacking;1
during;15
death;64
unless;11
interested;12
avoiding;1
needle;4
bentley;1
registered;4
correct;2
driving;14
vehicles;1
insured;1
company;41
supervisor;2
ª;9
hi;28
shame;3
true;52
pictures;23
use;67
flattering;1
grumpy;2
olivia;29
hands;44
charges;11
jacket;6
interesting;6
thank;49
horned;3
also;37
jelly;4
kiwano;1
african;2
cumber;1
cucumber;1
ornamental;1
pool;15
near;15
experience;14
lights;4
tunnel;1
relatives;2
funny;22
says;77
opposite;1
men;43
their;97
wives;17
jakes;1
eyes;19
windows;4
soul;13
profound;1
believes;4
city;30
requires;1
died;57
envy;1
boss;29
spin;1
st;3
hen;1
leslie;3
weekend;4
backyard;5
barbeque;1
falsely;2
accused;4
instinct;1
proven;1
athingwith;1
totally;5
shut;13
mason;1
dude;17
torn;3
headlines;1
hook;3
ups;3
serious;23
eddie;17
plays;6
team;12
loves;14
yo;12
ease;2
grab;4
yourself;52
edge;3
growing;4
act;4
further;6
involved;21
investigating;9
partying;2
punishment;2
parties;5
sometimes;41
rember;2
legally;3
remembers;5
asking;33
best;25
environment;3
backslide;1
meeting;14
andrews;1
realtor;2
called;105
stopping;7
forced;2
entry;7
throat;12
slit;4
tea;4
burke;1
selling;11
staircase;1
headed;4
protect;14
hide;7
correctly;3
applies;2
bed;22
unmade;6
sleepover;5
beds;5
punished;4
reports;8
rachel;46
report;21
count;14
blenders;2
blender;3
write;32
congratulations;3
enjoy;5
begged;2
marry;6
arrested;18
seems;32
hardly;7
knows;40
together;73
lobby;2
apple;15
bowl;2
front;24
desk;9
em;76
wet;3
taking;41
hmm;16
under;38
obligation;1
acquaintances;1
victim;37
represent;2
enlightened;3
hooking;3
such;18
oughta;2
complain;1
throw;8
porn;6
weird;16
onto;4
pasted;1
product;5
illegal;2
centerfold;1
alibi;27
wear;7
blonde;1
wig;1
emotional;3
state;19
wh;2
hypothetically;2
youarethat;1
tina;6
gina;6
gave;53
amount;3
disclothed;1
disclosed;1
riding;6
lives;32
crazy;18
idea;41
fine;20
second;17
swimming;7
warm;7
hot;27
popular;3
cell;29
important;11
business;81
shh;1
marrying;7
davis;7
himself;45
unconscious;2
return;8
stopped;21
suicide;4
charging;3
wakes;2
charge;19
lotta;1
paperwork;7
hadn;10
question;66
support;16
shield;1
ha;2
cing;1
whattaya;1
carefully;4
hoped;1
decency;1
stay;56
dirty;13
burger;3
fancy;3
teenage;2
knucklehead;2
sneak;1
spark;2
meaning;7
fixed;1
ahh;1
fell;22
except;23
sister;27
miss;18
classes;1
headache;1
rather;9
apologize;2
listening;7
save;20
along;11
photos;22
closely;3
background;2
j;1
riddle;1
smashed;3
inconvenience;1
grown;7
voices;5
bradley;8
arguing;5
naked;3
gotten;5
woken;1
trying;34
steal;16
purse;2
soft;12
fast;15
grabbed;4
neck;9
hand;33
standing;16
chapter;2
seven;12
vengeance;3
revenge;3
poison;4
meant;12
others;22
swallowing;2
ourselves;5
dark;17
light;32
blinds;5
seek;5
untroubled;2
justice;3
destruction;1
murdered;18
space;29
russians;10
spending;7
box;30
mentioned;8
jet;3
packs;1
homicide;22
climbed;9
pulse;1
passenger;2
pulled;22
personnel;1
safe;12
ground;11
till;6
heavy;16
crew;6
driver;19
fled;3
air;11
thsearch;1
busy;4
valet;5
evening;2
sweat;2
worth;10
mess;12
gps;11
global;2
positioning;1
satellites;2
ring;14
geosynchronous;1
constant;3
contact;9
discovery;1
channel;2
crabbing;2
dangerous;6
entered;3
seat;6
rear;1
gun;159
entrance;1
wound;20
stomach;1
stylman;14
doctor;31
wreck;5
remeer;1
hurts;7
try;40
adventure;3
travel;1
hella;1
camping;1
equador;1
winter;3
climbing;4
alaska;1
dies;18
peter;9
deen;1
released;4
prohibited;1
handling;3
public;9
funds;2
private;10
smart;16
convicted;3
coyote;4
patio;1
suffering;1
side;18
effects;3
fear;8
insane;3
patrol;5
obviously;2
brazen;2
mangy;2
predator;1
prowling;1
attacks;1
neighbor;8
feed;5
mrs;18
bellfield;1
cat;9
ate;6
pest;1
drove;5
picked;14
shelby;4
cove;1
restaurant;2
confirmed;2
waiters;1
ramp;1
gas;24
station;36
tank;7
empty;13
deese;1
eventually;1
crashed;1
shortly;1
female;8
admire;3
answered;4
easy;28
alone;55
questioning;6
lose;12
pump;4
latino;3
tatted;1
customer;5
since;52
release;8
apology;1
soda;8
appreciated;2
spend;14
reason;25
celebrate;9
round;3
many;36
talked;26
retraced;1
steps;2
using;15
large;4
approached;1
able;4
identify;2
hurting;7
trepanning;1
ancient;2
cure;2
pain;18
caused;3
spirits;2
hole;14
skull;2
dying;11
ge;1
calm;7
waving;1
herself;10
reached;3
fought;10
ani;1
jumped;5
bleeding;3
control;14
prints;25
manny;16
umaga;6
several;6
carjacking;4
theft;4
author;1
deadweapon;1
samoan;2
shots;11
sudden;2
recall;2
blocked;3
guilt;2
pick;19
p;16
o;9
associate;1
teamwork;1
buscando;1
maldito;1
ins;1
hiring;2
mels;1
days;43
rbo;1
baby;24
bored;3
custom;2
gears;1
performance;4
chip;22
built;8
throttle;2
pimp;1
ack;1
track;18
airbrush;2
hood;4
belt;2
wearing;21
gu;2
asks;2
fool;4
vato;2
owes;4
posse;3
sees;6
piece;19
bam;2
paramedic;1
drop;17
weapon;23
flash;8
bangs;1
aggravated;6
attempted;1
poor;7
flowers;39
interrogation;4
ironclad;1
carjacked;1
wish;28
walked;14
pounds;5
odd;6
arranged;3
hired;12
failed;9
quid;2
pro;6
quo;12
treat;4
victims;11
interrogating;1
criminels;1
supposedly;2
prosecute;1
motive;9
tie;4
knife;39
swear;9
oath;1
pinkie;1
burn;4
service;13
carrying;6
sharpened;1
toothbrush;6
bulb;1
bleach;5
griffith;1
tomorrow;16
violating;1
terms;3
country;11
land;12
freedom;1
deserve;2
careful;10
coyotes;5
pack;3
belong;8
taunting;1
native;3
americans;2
considered;2
tricksters;1
scavengers;1
thieves;2
shape;3
shifter;1
survivors;1
amazing;2
indigenous;1
north;4
american;10
animals;12
proliferated;1
europeans;1
settled;1
subordinated;1
bears;3
wolves;1
eliminated;1
top;7
predators;1
excelled;1
creatures;3
hills;11
domestic;3
dogs;15
hundreds;8
nobody;16
excess;1
speed;6
limit;2
highway;1
drag;3
juvenile;1
un;5
wobbling;1
pivot;1
center;19
revolving;1
dare;4
jacking;1
across;7
street;17
jack;85
directions;1
creeped;1
popped;4
scared;7
weigh;2
notice;4
jacked;5
beverly;6
bef;1
buying;4
pulling;4
due;2
respect;8
pull;19
backown;1
backing;1
unsolved;3
loose;7
lawsuit;1
fence;8
fantastic;1
foot;10
jump;11
figure;18
feet;9
ought;1
criminal;3
strength;6
weakness;2
clap;2
ish;3
fresno;6
giving;12
witness;20
monster;8
ashamed;5
lockbox;1
upstairs;6
furious;1
bringing;8
gunman;1
knowing;12
bet;14
hero;9
id;6
story;23
amigo;1
busted;7
beat;7
mira;1
donde;1
esta;1
mi;1
dinero;1
hassle;1
bro;2
crying;19
owe;8
imagine;23
francisco;1
musica;1
sound;6
system;13
check;41
previously;13
cupcakes;2
lock;21
unsealed;3
seeing;25
position;7
file;33
conspiracy;5
social;11
services;17
behind;22
filing;2
cabinet;1
scream;6
idiot;4
guard;22
showed;20
stephanie;15
honey;15
edit;1
drew;37
clear;17
mob;3
statements;4
asap;1
copy;5
male;3
gunshot;10
bedroom;5
signs;6
alarm;6
false;5
ain;19
afraid;37
sued;1
gay;5
mariage;1
embrace;2
rich;19
diversity;1
policy;2
mm;9
costco;1
comin;3
jeez;3
bought;14
suit;13
len;48
sand;23
james;45
muthupalanianppanwikma;1
lenny;20
everybody;19
special;18
hiding;9
identified;2
threw;18
toaster;1
throwing;3
toasters;1
pockets;8
ytet;4
rob;18
accident;8
smells;4
burglary;2
degree;1
circumstances;3
gurney;2
powder;2
ivy;1
hill;1
avoid;3
breathe;6
shouting;1
whispering;1
ear;3
holt;1
easley;25
nothin;5
felony;4
shelters;4
confess;7
assaulting;3
stealing;10
pen;7
sands;2
trade;3
booze;4
pants;2
thief;3
nonconformist;1
western;1
archetype;1
cowboy;5
flower;5
sun;8
opens;3
workin;1
drunks;1
telling;19
tremendous;1
commitment;2
most;35
worthwhile;1
neil;9
cudahy;14
sittin;1
tv;12
charged;2
sweetest;2
bono;4
appointment;4
calendar;3
scheduled;3
including;2
plug;1
five;52
bucks;2
chapstick;1
rubbers;1
clay;7
pigs;1
neighbors;8
especially;5
prove;12
dumpster;1
dive;2
smith;10
confusion;2
homeless;7
bright;1
average;2
ignored;2
sick;11
lazy;2
coroner;26
fibers;2
wore;5
gloves;11
tested;3
residue;3
stolen;15
concerned;5
citizen;1
rest;14
surprised;8
disappointed;1
candlesticks;2
expensive;5
whoever;12
each;57
forever;3
theory;7
homophobic;2
particularly;3
liar;8
hypocrite;2
reading;6
yep;17
themselves;8
neighborly;1
promise;15
identity;2
revealed;1
certainly;3
anonymity;1
sadly;4
homosexual;1
affair;9
leaving;21
frame;4
hid;2
testify;10
truth;31
solve;4
goofy;1
sidekick;2
mine;21
borns;5
shooting;18
tease;1
suspected;2
closeted;1
eyewitness;2
booked;2
plus;14
babysit;2
county;15
medical;3
wing;2
hep;2
c;5
infirmary;1
tests;8
hang;10
hangin;1
straight;9
window;20
different;42
backs;2
leaves;15
minutes;13
anywhere;13
ready;28
bluff;1
hungry;5
burgers;2
tacos;2
food;24
smell;15
humanity;1
kitchen;18
although;3
chance;11
files;12
hall;13
neat;1
setup;2
rank;1
stack;1
bills;3
tobacco;1
commission;2
liquor;3
owned;11
acquitted;1
entitled;1
fired;9
answering;3
poking;1
ya;10
poked;1
gays;1
screw;3
suck;2
valuable;4
asset;1
myplate;1
plate;1
eating;11
ended;15
odds;4
happening;5
lady;4
detail;8
e;9
indict;3
hung;6
hangover;1
functioning;1
alcoholic;3
trust;15
hedge;1
fund;1
fit;7
aggressive;3
sexually;1
tired;6
whenever;3
sex;29
accuses;1
intolerant;1
unstable;1
wealthy;2
accuse;1
cases;8
eyewitnesses;1
blaming;1
asleep;10
smoking;12
fire;24
honest;11
store;36
owners;4
fuss;1
filed;7
probate;1
property;5
roommate;7
staying;7
touching;5
breath;3
minty;5
uses;4
coffees;1
machine;5
cleaned;3
sexy;2
target;2
demographic;2
olds;1
initially;1
create;1
buzz;2
serve;6
tapas;1
sushi;1
young;18
dancing;2
specialties;1
coladas;1
daiquiris;1
fruity;2
happens;28
markup;1
drinks;8
huge;3
names;33
stir;1
shaken;1
grow;6
trees;2
outside;26
privacy;4
lint;1
rubber;3
band;23
its;12
snap;2
dried;4
liked;37
witnesses;6
prep;1
testimony;1
labs;8
smile;17
woods;3
tracked;7
mud;2
sooner;5
fewest;1
unit;6
chances;1
mermerha;1
shovel;2
playin;1
pig;1
item;2
folders;1
antique;2
coins;1
bout;7
sterling;1
silverware;1
letters;17
signed;5
wrote;30
fingerprints;7
visit;9
addressed;3
copies;2
blame;5
burying;2
focus;3
plan;27
minute;25
items;3
statement;7
whe;1
worry;17
indexed;1
returned;1
lali;1
kay;2
pronouncing;1
la;9
li;1
lalique;1
glass;8
french;5
cooperate;2
finalizing;1
official;4
edition;1
bondage;2
human;8
mog;1
ham;1
maugham;1
english;6
language;2
objects;6
blamed;2
controls;2
prenup;1
states;7
conviction;2
cold;10
patek;1
philippe;1
chronograph;1
fix;3
w;10
h;2
access;10
sense;10
automatic;5
g;2
u;21
wonder;3
strung;1
hillside;3
treasure;1
ticket;13
committing;1
connie;11
defending;1
keeping;6
afternoon;4
giant;3
sitting;13
fallen;1
cudy;1
1000fr;5
capture;2
frm;2
xxy;1
frs;2
âò²;1
angel;24
pair;2
fake;13
wings;19
harness;1
sky;10
wham;1
med;1
filled;6
black;8
favor;10
checking;5
closet;6
suitcase;2
personal;27
vacant;3
9th;1
storey;1
unfortunately;1
line;29
angels;6
aliens;1
singer;11
gig;2
hb;1
absolutely;2
hurry;3
kylie;1
faith;8
dear;4
takin;1
apartment;7
associates;4
bowling;3
league;3
button;5
cloud;2
harp;1
humble;3
hostile;4
whose;10
genius;5
pranks;1
luck;12
investigate;4
investing;2
waist;1
roof;30
wasting;2
responsability;1
saving;2
surprising;1
thousand;2
pages;6
debt;6
hum;2
ron;4
lompoc;2
celled;1
fourteen;1
girls;42
kiddin;1
exaggerate;1
often;5
clears;1
toughts;1
flee;1
itself;3
journey;7
er;1
jasper;13
willens;2
news;21
photo;18
lena;31
cook;3
glue;3
industrial;4
glues;1
adhesives;1
moved;17
dollars;4
holds;6
slogan;2
ritual;2
older;7
russia;4
laugh;10
given;8
key;19
r;18
code;4
owed;1
punish;2
cage;10
roman;117
russian;26
natasha;7
hooked;4
payment;1
term;5
takes;24
patience;3
prostitute;2
rule;6
prostie;1
women;50
carrot;2
cake;6
upscale;1
anyways;2
scare;2
silly;5
thrown;12
born;12
reach;7
boxes;11
packing;2
moving;9
york;20
firm;2
sleeps;3
naps;1
nevikov;26
financials;10
owns;7
radar;2
dvds;1
gasoline;5
sport;2
paying;12
indictment;1
sticks;1
uou;1
julia;4
backup;6
david;5
enter;5
building;40
verify;2
escalade;1
doors;7
opening;7
sight;4
subject;4
entering;5
club;26
negative;5
suv;2
instructions;2
vehicle;3
freaky;3
bit;10
cuff;3
interpol;2
interest;9
murders;10
hockey;3
players;2
buried;12
basement;7
sociopath;1
staring;6
devil;3
splendid;1
upright;1
pins;2
trafficking;1
carries;1
hardest;2
muscles;1
twitchy;1
taste;8
undercover;4
lover;4
earning;2
businessman;4
overpriced;1
pleasure;9
beginning;3
registering;1
stan;2
employers;1
jobs;3
exist;10
brain;3
fart;4
pass;13
buddy;5
oliver;15
ink;2
mostly;6
tattoos;3
cars;17
bikes;1
metal;4
flesh;6
designs;1
designed;4
design;1
ducati;1
tattoo;11
view;1
sanderson;1
warrant;28
premises;3
art;4
graduate;2
block;7
stacked;1
starbucks;1
nowhere;11
sounding;1
posed;3
punk;2
dresses;4
wine;12
example;3
words;13
sweet;22
middle;13
threat;9
comes;25
beating;5
cages;2
blindfolded;1
useful;1
smelled;3
tied;2
operate;2
fires;2
laughed;9
spit;3
agent;22
bodner;16
homeland;3
lay;10
seminar;1
ours;8
provides;5
drug;22
shipments;1
mexico;2
untell;1
power;9
forgive;5
bank;49
bye;11
welcome;9
powerless;5
scenario;2
consent;1
decree;1
dirtbags;1
watching;16
homework;2
skipped;2
qualify;1
perps;2
fluids;5
mount;1
cool;8
headin;1
west;2
wilshire;1
mint;2
minds;3
alike;7
rick;14
piss;7
boredom;1
burritos;1
stories;10
pet;4
turkey;5
drowned;1
rain;2
dumbest;1
bird;16
yuk;1
chuckleheads;1
b;15
blue;10
muzzle;3
glowed;1
heat;3
hurricane;4
bullets;11
streets;6
casings;3
nonstop;3
zone;2
38b0de;6
âí;2
ëë¹;2
rotten;1
submit;2
expense;1
babysitter;2
forgot;10
managed;2
situation;2
sober;10
donuts;1
lou;2
sobriety;1
humbly;1
intense;4
coulda;2
realized;1
waited;3
quite;6
begging;5
slipped;3
awful;3
choke;1
bill;14
required;1
employer;2
wishing;3
someplace;8
besides;9
meetings;3
self;2
plants;2
recognize;10
rape;6
acted;1
hurtful;2
binge;1
plates;1
richard;2
larson;16
misdemeanor;2
sexual;4
plea;1
bargain;1
push;7
jst;1
circumstantial;1
members;4
fifth;4
annual;1
honor;3
progress;1
community;6
policing;1
compstat;1
statistics;1
reduced;1
wide;9
numbers;23
organization;1
stickler;2
webcast;1
shills;2
trick;6
half;18
truths;2
lies;5
discuss;5
ter;1
bud;1
action;7
kidding;3
dump;1
lawn;4
week;35
corn;2
task;11
results;4
personally;6
vow;2
pooper;1
crimes;9
stood;4
fall;14
dispatch;3
november;2
guest;7
injured;2
raped;1
attacker;2
withdrew;1
nancy;15
offer;16
membership;2
recommend;1
mightnjoy;1
lois;1
lemon;1
squares;1
alternate;3
parking;11
share;6
warden;9
rage;4
everyday;2
breaks;4
loud;11
amends;1
blended;3
coffee;13
intruding;2
coat;1
liars;2
drinker;1
blow;5
boyfriend;11
messing;4
wiscinski;4
vanished;2
obit;1
jane;4
doe;1
forwarding;2
myspace;1
yourspace;1
facebook;1
faceplace;1
bunch;11
pennyh238;1
luckbob231;1
happygirl923;3
joined;4
group;15
mangoman;2
cute;6
pmji;1
imho;1
nrn;1
om;1
pardon;2
joining;1
opinion;1
response;1
necessary;2
im;1
girlfriends;7
cancelled;1
computers;14
internet;2
url;1
ditch;1
billing;1
maiden;1
keeps;5
guessing;14
committed;3
stakeout;4
junk;4
swap;1
revolve;1
sports;3
dodgers;2
rookie;1
sixth;2
conspiracies;3
theirs;2
halloween;1
dressing;1
candy;4
beg;3
bastard;1
nabcy;1
talks;2
swore;3
survived;1
finds;13
survive;4
definitely;3
warning;5
disconnected;2
bender;1
awol;1
fill;8
void;1
sundowner;1
crs;1
spy;5
sponsoring;1
begin;3
hunk;1
melrose;1
versions;1
version;4
sea;2
uniforms;9
badly;5
changes;2
rounds;2
tactical;2
swat;8
training;8
exercise;4
civilians;1
study;11
uniform;6
barricades;2
blocks;2
cameraman;1
ugh;1
poo;1
song;11
stacey;1
mistake;9
willing;2
admit;4
plaintiff;1
dated;8
incident;3
loaded;5
shove;3
shows;10
sets;2
admitting;3
consensual;2
confusing;5
winston;4
surprise;11
trash;3
publisher;1
mini;1
bat;7
baseball;5
player;1
string;2
strip;1
clubs;2
bail;1
yup;5
mothes;1
scumbag;2
precious;1
th;1
yodon;1
jackpot;2
forcing;1
needs;27
assistance;1
finish;8
blew;4
brains;1
dope;5
puke;1
demon;1
custody;5
barricade;1
bricades;1
shootout;7
season01;3
episode07;2
civil;6
war;9
clowns;3
dreams;3
solar;9
panels;3
array;2
farm;5
energy;8
farms;1
profit;2
contribution;1
restoring;1
natural;1
harmony;2
planet;3
column;3
spreadsheet;1
restoration;1
planetary;1
sodey;1
pop;3
persian;5
oil;2
skinheads;1
register;1
untouched;1
iranian;1
20s;1
ski;2
masks;3
cooler;3
makin;1
quiet;4
firecrackers;2
m80s;1
crowd;9
upset;4
amir;32
class;21
rashne;4
daria;3
tire;4
iron;6
wind;6
hits;4
butterfly;5
flaps;1
halfway;1
forms;4
starts;12
ends;8
rip;1
stepping;3
fbi;19
mayor;23
terrorism;2
foremost;1
government;14
requesting;1
relinquish;1
jurisdiction;1
handled;3
talebi;1
ovesi;1
third;9
usc;2
students;9
juvie;1
beefs;3
dealing;10
expunged;1
males;1
counter;4
motor;1
darvashi;3
classmate;1
van;3
gray;7
beige;1
predominately;1
influx;1
80s;3
evenly;1
mary;11
ann;14
farmer;6
photodiode;1
transducer;1
breakfast;4
choking;2
fossil;1
fuel;5
photovoltaic;1
arrays;1
ms;11
expected;4
disappointment;1
learn;10
disturb;2
student;7
ones;21
surveillance;5
tape;21
destroyed;2
closer;14
jeffrey;21
ojai;2
pregnant;1
grew;14
hatred;1
immigrants;2
persians;1
runs;9
surf;9
rats;20
buddies;6
turning;5
likes;16
surrounded;2
arab;2
bang;4
raises;3
point;13
spoke;9
farsi;1
forbid;1
dealer;10
studies;4
video;13
games;6
connect;5
server;1
geeks;3
guns;42
elevator;2
reaction;6
noises;1
flickering;1
offending;1
liquid;5
type;6
leader;7
recorded;3
schoolwork;1
music;15
cope;1
somehow;2
references;1
farah;8
shahnaz;2
reference;4
game;7
console;1
princess;1
captain;32
kirk;1
costume;4
nervous;13
attention;6
gauge;1
stranded;1
nature;5
prayer;3
sing;8
camped;3
bids;1
throne;1
wishes;1
seasons;1
distress;1
grief;2
pulls;5
disagreement;3
exchange;3
rose;5
deaths;1
awake;4
mcallister;1
spreadsheets;2
according;11
enterprise;1
figures;5
hostage;3
accountant;1
lookin;2
separate;3
offshore;1
coded;1
initials;3
jeffey;1
fiends;1
babies;2
physically;1
bahamas;2
wire;9
needing;10
sn;1
rab;3
seconds;10
feels;3
pumping;1
owning;2
stations;1
exhale;3
inhaled;5
shines;6
upon;8
enemy;5
fridge;3
stove;6
protected;6
vaporized;1
arson;2
apart;5
leak;2
lines;3
builds;2
grenade;1
boom;4
edward;8
farthing;15
listed;9
joseph;13
gale;15
addresses;4
widow;1
transcript;4
yyets;3
synchro;3
grischka;3
explosion;2
cheviot;3
mammoth;1
skiing;1
double;4
diamond;1
compete;1
circuit;3
marissa;7
serra;1
retrospective;1
explained;2
beauty;1
oxidation;2
process;1
cry;6
rust;1
elena;7
finally;4
branch;3
difficult;1
periods;1
worried;11
safety;5
sacrifice;1
absent;1
compared;4
forgetful;2
confused;4
generous;2
gentle;1
listened;7
claim;1
database;8
neither;13
confirm;1
nor;2
deny;2
existence;1
letter;4
chinese;3
symbol;3
agency;3
alibis;6
gallery;1
indoor;1
rock;13
canvassed;1
play;30
imagining;1
husbands;2
jets;5
pilot;5
rigged;2
shrapnel;1
logs;1
structure;1
killings;9
removing;2
reassigned;1
rudolph;7
farthingale;34
field;12
suspects;9
taxman;2
feeling;8
tame;1
ordinary;2
shy;4
eye;2
cubicle;2
lately;3
exact;4
tax;12
evasion;4
taxes;11
agents;4
scan;1
collate;1
non;1
taxpaying;1
citizens;1
flag;7
evaders;1
impossible;7
assigned;4
identification;1
appears;2
garrity;2
union;4
rep;2
introduce;3
puts;13
shaker;1
heights;5
ohio;2
studenent;1
college;6
exam;1
speeding;1
tickets;5
processing;3
bland;1
fragged;2
exploding;1
oven;1
ladies;9
suddenly;4
strange;7
forget;8
fraud;6
tracking;2
obeying;10
smash;2
remind;1
stumbled;2
conspiraces;1
capable;5
clients;10
priced;2
initial;3
internal;2
affairs;2
inquiry;1
charles;5
towards;1
toward;6
joke;6
laughter;2
medicine;1
reader;3
digest;2
subscription;1
points;1
connection;6
places;13
modern;3
jazz;1
classic;2
scrambled;1
poached;1
flat;2
sparkling;1
boxers;1
briefs;1
sleeper;2
chair;10
sre;1
stare;2
zoning;1
fireplace;1
model;12
boat;18
duck;1
decoy;1
fishing;3
pole;1
caps;3
bottles;4
national;2
pastimes;1
sleeping;4
spies;1
meditate;2
minor;1
teams;1
bakersfield;1
post;4
lancaster;1
modesto;1
courthouse;4
stockton;1
visalia;1
bombed;1
bombings;2
antigovernment;1
whack;2
bombing;1
clerk;2
bomber;1
grid;1
pays;5
earn;1
rent;5
supplies;3
establish;2
certain;6
attack;4
leonard;6
slatz;9
evader;1
consistently;1
statistical;1
anomaly;1
thousands;4
preparing;1
emptied;1
creepy;1
rolls;1
v;5
closes;1
invites;3
district;3
issued;2
occupants;1
therein;1
knowhere;1
unlock;2
puzzle;3
feds;5
followed;4
receipts;1
receipt;1
dandy;3
foods;6
intellectual;2
health;4
nut;2
crackpot;1
slot;1
unpaid;1
utility;1
fees;1
opposing;2
unjust;1
asserting;1
naturally;1
analyst;1
hidden;7
issues;6
crayon;1
drawing;1
scary;2
rocking;1
serrated;2
bled;2
placed;2
pervy;2
crib;1
benefit;2
doubt;3
organic;2
josie;27
summer;1
ovat;1
played;11
tunes;2
valley;10
bread;8
preliminary;1
indicates;3
traces;1
semen;3
lack;1
bruising;1
tearing;1
persons;4
matching;1
description;1
runaway;1
throwaway;1
trail;2
quick;4
solid;7
supermarket;2
ongoing;2
jokes;6
seriously;2
submitting;1
junkies;2
became;3
starting;4
beyond;1
fold;1
coke;8
locker;1
bindle;1
ulcer;1
worse;10
balance;5
backside;1
nate;39
carve;5
helps;4
causing;2
harassing;2
customers;4
playing;7
crapped;1
guitar;10
bothering;1
manager;8
ray;17
shift;1
homeschooled;1
earlier;3
board;11
style;2
carving;2
bear;5
carved;1
lab;38
match;14
sample;10
peg;2
benefits;2
market;11
breaking;8
timecard;1
bars;7
padlocks;1
invited;4
captive;2
carvings;1
visitors;1
teach;5
chords;2
reservoir;2
trucker;2
delivered;3
bounds;1
jus;1
pressure;3
buckle;2
interview;4
concerning;1
judith;1
raitt;1
someday;4
considering;1
size;7
decided;6
conducting;2
independent;2
unauthorized;1
imprisonment;1
laser;2
rrarr;1
complete;2
knowledge;4
thoughts;4
sincere;2
pure;7
confucius;1
intention;1
talent;1
mayhem;2
deck;1
riled;1
dean;38
gill;4
delivery;3
lean;4
pills;14
truck;13
cats;12
kittens;8
wander;1
screaming;11
daisy;1
park;10
vandals;2
rig;2
deliver;3
impact;4
rough;3
washed;4
yeast;1
stink;1
hopper;1
organized;7
gathering;1
digging;1
dig;7
deeper;2
tone;1
concern;1
karen;1
argued;2
football;1
whether;5
morgue;8
sketch;8
interrogate;1
dapper;1
dan;2
plithers;1
bonkers;2
kitty;2
bin;1
laden;1
psycho;3
unhappiness;1
kitten;1
copulate;1
however;7
bowels;1
vivid;5
claudius;1
gustav;1
raritan;1
lesser;1
request;3
hastings;2
skateboard;1
danger;1
cleared;1
bolo;1
amber;3
alerts;3
childhood;1
plain;1
beach;8
tan;1
lots;19
throats;1
deanie;3
appreciate;3
practicing;2
warmed;1
serrations;1
beef;3
stumble;3
locate;2
deductions;1
dependents;1
birth;7
certificate;5
steven;2
weston;2
yard;4
footage;2
nationwide;1
skateboarding;1
teaching;6
abduction;2
trusts;3
wherever;6
separately;2
transcripts;3
advice;3
hanging;6
knees;10
abducted;1
haystack;1
magnet;1
hastgs;1
stays;4
picks;2
pineapple;1
instead;2
evil;12
website;1
treatment;4
fly;10
arrow;4
pointing;1
putting;4
floors;3
spaces;3
storefronts;1
palmas;1
tim;24
chang;49
owing;1
spiritual;2
expired;1
stored;1
battery;3
toast;1
dialed;9
30th;1
backdated;1
reverse;2
episode10;2
underneath;4
dirt;1
lungs;2
relationship;28
rang;2
luke;11
professor;17
dujardin;2
staff;8
particle;1
physics;4
likely;7
darling;1
motion;2
particles;4
within;6
therefore;1
thanan;1
uncovered;1
suffered;1
ailment;1
crisis;4
helped;5
amy;8
heads;3
videotapes;2
instructional;2
sold;9
peculiar;1
tapes;3
based;4
palms;2
sellers;1
crappy;1
quickie;3
mate;7
dots;1
coms;1
conflict;1
bong;2
disappeared;4
sherri;2
ginger;1
investors;2
thirsty;3
recovering;1
pre;1
hab;1
supplying;1
sole;2
broken;17
yoga;1
chicks;1
trespassing;3
jenn;5
tall;5
taller;1
anniversary;3
painful;1
smokin;1
promised;6
horse;9
remotely;1
graziella;1
molina;5
eric;12
sparring;1
mat;2
vitality;1
spirit;3
exists;3
vessel;1
bow;1
recreated;1
crushed;4
gang;11
searching;4
illusion;1
entire;4
weak;9
ryan;12
sean;34
forgiveness;3
reincarnation;1
choose;4
flemish;1
rabbit;3
bunny;6
whale;4
sounded;3
dating;10
simpler;1
rarely;1
pimping;2
pandering;2
extreme;2
film;1
awesome;3
hitting;2
banished;3
confirms;2
ribs;11
role;1
assistant;16
formal;1
warned;1
homicides;2
solved;3
motivation;2
opportunity;2
gunmen;1
sniper;3
holdup;1
robin;3
batman;2
trusty;1
tights;1
betray;2
trusted;3
awhile;3
seeking;3
troubled;1
panda;1
enlightenment;1
sits;2
trio;1
masters;1
offended;2
alec;7
respectful;2
conceiving;1
anonymous;11
donor;2
documents;4
foolproof;1
buddhism;1
testing;1
meditation;1
comfortable;1
raised;2
bumps;1
confessed;4
frequently;2
dropping;1
appropriate;1
protecting;5
confession;3
ok;1
confidential;4
informant;8
kyle;23
hollis;23
gettin;2
earthquake;10
weather;3
disturbance;2
banging;3
hike;2
usual;1
missus;1
roll;10
blast;1
table;17
nights;7
meat;20
sauce;4
shoots;11
cannot;3
stashed;1
perhaps;3
eyesight;1
grunts;1
indio;5
reverend;2
orson;1
parker;1
lord;6
ck;1
absentminded;1
smoke;10
acre;1
thc;1
buddha;13
desire;2
strike;2
packer;1
romantic;1
handy;1
leg;6
planning;7
hallelujah;1
brothers;6
sisters;5
misread;1
intentions;1
occasion;2
cuts;3
backed;2
folks;3
mice;1
pets;1
wha;1
snake;7
ambulance;2
immediately;2
athens;1
policeman;4
distant;1
image;1
medications;2
gimme;5
abdominal;1
dressings;1
bore;3
ivs;1
burmese;1
python;2
cato;1
constrictor;1
venomous;1
wrap;5
appendages;1
fond;1
fed;2
convinced;3
convince;1
unable;1
squeezed;2
x;3
plane;38
tortured;2
pluot;1
dappled;1
dinosaur;2
eggs;2
sorts;1
decision;3
slowly;7
possibly;4
solitary;2
pushups;2
roomy;1
favorite;4
charity;7
clockwork;1
70s;2
blessed;2
receive;1
untraceable;1
cashier;1
cayman;1
island;1
deduction;2
laundering;5
alfred;4
higgins;2
preacher;2
upside;3
trunk;15
envelopes;3
straighten;1
fourth;2
amendment;2
washing;1
connects;5
bigger;9
answers;3
congratulate;1
status;2
patient;8
technology;1
nighheof;1
season02;13
episode01;1
grows;1
river;6
hopes;2
dozen;2
wantin;1
taze;1
mutts;1
lid;3
suffocated;4
dein;1
tees;1
http;43
sfile;43
lisa;77
robards;9
unending;3
notes;3
sentiments;6
occasions;6
armstrong;3
kumquat;4
gem;1
citrus;1
escaped;9
mailing;2
trippy;1
boxing;1
cards;4
invitations;5
announcements;4
price;12
policemen;3
loss;4
glenn;17
suffocation;1
susan;1
harm;9
stationary;1
hollywood;2
whatnot;1
kille;1
seg;1
thybolt;1
vic;2
visa;1
immigration;2
employment;1
brandee;14
huggens;5
oscar;1
tollander;1
megaluggage;1
suitcases;1
ons;1
garment;1
bags;3
trunks;7
te;1
onhe;1
hat;5
low;5
sunglasses;6
agree;2
vancouver;1
troubles;2
canadian;1
familiar;8
concept;1
actress;1
movie;9
alright;2
fellas;6
occupant;2
demoted;1
investigations;3
theories;1
united;4
possibility;2
girlfriend;6
punch;5
investment;5
banker;5
shop;11
stripper;6
parts;2
brackets;1
worlds;1
complaints;8
chosen;2
random;5
earth;6
freeway;2
rooftop;1
links;1
deliberate;1
tox;3
screens;1
lessons;1
kung;1
fu;1
brand;11
m5;1
yellow;6
prius;1
dancer;3
subway;6
bartender;2
schedule;2
ice;7
cream;6
strawberry;5
artificial;2
flavor;4
shaky;1
coolers;1
papaya;2
guava;1
kiwi;1
tamarind;1
rounded;1
brainiacs;1
slinging;1
sellin;1
buh;1
precinct;2
nightmare;8
statue;3
tastes;2
exclusive;1
phones;6
rolled;5
dissolving;1
differences;1
lifestyle;1
clearly;7
london;5
wondered;1
investigator;1
costs;3
pis;1
co;1
uld;1
foreigners;1
magic;2
mushroom;1
mushrooms;3
grass;1
kurt;3
ruiz;3
airport;3
eagle;4
senior;2
star;5
ucsd;2
scholarship;2
gon;1
grasshopper;1
packin;1
mentioning;1
mix;1
socially;1
couples;1
relationships;6
secrets;5
helpful;1
graduation;3
announcement;2
solemn;1
closing;2
birthday;7
overseas;4
ow;1
knlondon;1
happiest;1
ore;1
invite;5
invitation;4
inn;1
janie;2
basin;1
sav;1
cthathild;1
foster;2
atone;2
shed;3
kin;2
smaller;1
sen;1
meto;1
tries;1
episode02;1
stab;3
healed;1
nicely;2
injuries;1
abuse;1
whom;3
gangs;2
reputation;5
max;16
horta;10
plans;1
toss;1
cells;5
squawks;1
nunca;2
elsa;11
lets;1
bankley;6
carla;8
buildings;1
text;12
beaten;5
snapped;2
joints;1
shattered;1
chews;2
bottle;7
fair;4
expectation;2
chew;2
quality;1
steroids;9
profiling;1
senate;5
narcotics;5
flext;3
gym;4
monsters;1
yothe;1
jackson;2
bridger;3
steroid;3
regimen;2
dispense;2
certified;1
physician;1
prescribe;2
pharmacist;1
dispenses;1
bangers;3
september;2
hikes;1
baked;2
puppies;1
patients;7
confidentiality;2
extremely;4
traced;5
uptight;6
benny;11
brendan;1
anowns;1
bkley;1
realty;1
pops;5
notoriously;1
marty;33
hawkins;1
ball;5
pitcher;2
condition;2
knocked;2
annabelle;17
shore;3
unlike;1
pricey;3
defense;5
plant;4
patrick;45
smarter;1
iq;1
chess;1
yale;1
hulk;1
roids;2
raps;1
y;7
oatmeal;1
ni;1
alpha;4
beta;2
omega;1
spoiled;1
shall;11
written;7
nose;4
ass;8
pretend;12
chat;3
paonrolee;1
violate;2
slam;3
serving;1
pools;1
lethal;1
injections;1
lips;3
obey;1
woof;1
unshackle;1
assaulted;2
incited;1
therapist;3
terrors;1
doctors;1
individual;2
apply;1
relief;4
charming;4
doc;22
hourly;1
rate;1
competitive;2
lawyers;4
shrink;4
chief;3
princes;1
traffic;5
square;1
gentil;4
learning;1
paris;5
bike;5
drives;4
lit;3
daughters;3
papa;3
brush;1
gold;4
train;4
addict;1
canyon;2
lana;1
worm;1
worms;1
protein;1
connections;6
tctionshose;1
seats;1
laker;1
supervise;1
artist;5
dressed;14
professional;7
session;1
climb;3
believable;1
discredited;1
practically;2
el;1
disobeyed;1
clip;1
massive;1
overdose;1
pumped;1
solution;1
potency;1
dose;2
hotshot;2
cleaning;8
slab;3
al;9
less;12
tells;3
pros;2
clown;3
cruel;4
admires;2
postcard;1
juice;1
south;3
temper;2
ldae;1
mn;1
italian;3
bond;2
trader;1
puttin;1
miracles;2
frozen;6
mask;5
auerbach;47
oxygen;4
mentally;1
alert;4
brenford;7
oregon;1
gramps;1
uncommon;1
switched;4
tanks;4
inhaling;1
nitrogen;2
preserved;1
lno2;1
degrees;3
kelvin;1
below;1
zero;1
fahrenheit;1
pharmaceutical;1
research;5
switch;2
vandalized;1
ban;5
torture;4
rights;9
cancer;10
commercial;1
moth;1
cotton;1
screamed;2
popsicle;1
touched;5
scientists;3
pieces;5
finishing;2
clinical;1
fda;1
approval;1
healthy;7
prescription;2
diet;5
mood;2
span;1
restless;1
doxepin;1
trazodone;1
alprazolam;1
venlafaxine;1
hydrochloride;1
notation;1
harassment;1
debra;11
lee;8
sabotaged;1
hallways;2
unpleasant;1
planned;1
dawn;1
deputy;27
pharmaceuticals;1
stress;2
needles;1
urine;2
humans;2
threatening;3
label;2
remote;3
electrode;1
noticed;8
betsy;18
whoa;1
monkey;7
permit;2
bamba;7
rescue;1
souls;5
permits;1
badges;2
bournes;6
billy;9
researcher;1
camp;3
communications;1
diminished;1
leather;1
jim;7
founder;1
willed;1
consciousness;1
butcher;1
clothing;1
educate;1
speech;7
texas;2
chainsaw;1
massacre;1
slogans;2
forensics;1
gesture;1
fragmented;1
puzzles;1
corners;6
initialed;2
jill;4
abraham;4
map;1
accounts;4
dropped;8
arrangement;3
counts;1
easily;12
note;9
permission;5
glad;2
withheld;1
pertinent;1
hated;7
admits;1
threesie;1
protests;1
rabbits;1
impress;2
values;1
egotistical;1
selfish;3
jerk;2
devoted;1
types;1
particular;2
bustamante;8
janitor;2
anytime;3
woulda;6
hoses;1
beaker;1
slapped;3
deserved;1
comi;1
outf;1
standard;3
flow;2
ushing;1
zoom;1
holy;3
hannah;52
stamp;2
midnight;1
unlocked;2
whore;5
kiddo;8
deserves;2
vigil;1
obeythe;1
proud;5
following;1
footsteps;1
damage;2
psychic;1
disturbances;1
hallucinations;1
italy;7
tasty;2
hal;2
orton;1
handles;2
considerable;1
wealth;2
harmonica;1
sorriest;1
heading;1
overhear;1
pounding;1
wheel;3
protest;1
oxnard;2
espionage;1
tuesday;5
alibied;1
divorced;1
rare;5
form;5
abel;7
flushing;1
branford;2
fluid;2
samples;2
scientist;2
tags;7
wider;1
covering;2
protection;11
shutting;1
joking;1
squiggles;1
practice;6
variations;1
measure;2
equipment;12
lunch;5
menu;4
calculation;1
figuring;2
inches;1
weighs;1
handwriting;2
kimbo;1
pegged;2
misplaced;2
knock;3
inhale;1
diversified;1
holdings;1
civilized;2
00ffff;39
episode04;1
tap;5
legal;14
prisoners;6
guards;11
accounted;1
deeky;2
crédits;1
reminds;3
horror;1
haunted;2
spaceship;2
freakin;3
gooey;3
detect;2
slashed;1
sharp;1
protocol;4
psychologists;1
experiment;9
recruited;1
randomly;1
roles;1
sagel;3
observing;2
blackouts;3
blackout;2
sunlight;1
wellsy;1
hallway;2
perform;2
choice;2
piano;3
crate;2
education;3
bongs;1
halliday;10
quit;4
acting;1
gentlemen;3
meantime;1
conduct;2
milady;1
excellent;3
lawyered;2
representation;1
wit;1
bodies;6
tech;9
parades;1
ethiopia;1
armenia;1
osaka;1
tidwell;24
discharging;1
kicker;1
abby;5
pistoli;1
secure;5
toughest;1
mia;1
carly;1
jasmine;2
jade;1
magnificent;2
crushing;1
chicken;8
pox;1
sterile;1
weepy;1
prisons;3
fella;1
sensitive;3
darn;1
auto;2
chem;2
major;6
psych;2
dealings;2
destro;25
inmate;2
brutal;1
poetry;4
occupation;1
poet;5
tate;18
kick;6
sweetie;2
majoring;1
frat;8
pledge;9
fraternity;1
subjects;1
corrupted;2
simple;3
officers;9
garbage;3
gain;1
nutriloaf;2
nutri;1
engineered;1
deprive;1
pizza;5
buffalo;1
spicy;2
escapee;1
janice;4
campus;5
descriptions;1
cartoons;1
fries;2
kissing;4
acts;1
kindness;1
films;2
adam;1
sandler;1
glorious;1
award;1
moose;3
collegiate;1
mascots;1
info;1
sheet;3
mitchtopher;1
bw;1
disney;1
rocks;1
telegraph;1
oops;1
inner;1
ben;26
wise;5
myorst;1
worst;7
uphold;1
henry;4
operationally;1
emotionally;1
arguments;3
surely;2
rahway;1
cookies;2
shown;3
escapes;2
yell;1
cheerleader;2
severe;1
pledges;4
charter;2
suspended;2
erthe;1
short;9
deciding;1
mcneil;1
riddler;1
lifesaver;1
jen;7
punched;5
reporter;9
innocence;1
tau;2
sig;2
towel;3
reall;1
wasa;1
brang;1
contraband;1
kettle;1
perry;8
denies;1
planted;3
heighten;1
dynamic;1
drawer;1
equates;1
viral;1
infections;1
brooklyn;1
bridge;1
jersey;2
dulls;1
tullamore;1
dew;1
afghan;1
whigs;1
strippers;1
theater;5
pippin;2
truly;3
utterly;2
dragged;3
snag;1
nightmares;1
burning;1
plastic;20
shank;2
melted;2
scraped;1
melt;3
matches;4
fingertips;1
snuck;2
michelle;3
lighter;2
horrible;1
crossed;1
teeth;2
trigger;3
dramatic;1
effect;1
drawers;1
initiative;10
observer;2
texted;1
psychologist;1
rethink;2
university;2
studied;1
fears;1
weaknesses;2
success;1
coward;2
ouey;1
cldn;1
accepted;2
incitement;1
gross;2
bodily;1
behaved;1
outs;1
slain;3
laid;1
frances;1
dunn;5
academy;4
newspaper;3
print;5
jimmy;11
discharged;3
wax;2
cost;4
flolo;2
mike;20
brody;6
drivers;4
lucked;1
crusher;4
crush;2
dow;5
dispatcher;1
rosa;2
engaged;4
squashed;1
positive;2
dental;2
decides;2
bethany;54
strangers;5
nudie;1
pics;1
heaven;1
marching;1
disorder;2
trombone;1
mikey;1
fat;3
slim;1
athletic;1
blond;1
wrecking;1
brown;3
balding;1
ugly;2
rejection;1
turnout;1
classroom;2
practical;3
introduction;1
effective;2
practices;1
graded;1
fail;2
historical;1
stocked;1
eve;2
accept;1
trashing;1
blush;1
ing;2
accomplice;1
defend;2
brag;1
priority;1
tennis;5
ocean;3
breezes;2
junior;2
schools;1
squads;1
local;1
colleges;1
listing;1
enjoying;2
servant;1
lemonade;2
hookers;1
cd;3
tow;3
disgusting;1
operation;9
pill;1
lease;3
groupies;2
walks;4
cane;1
nathan;18
gratowitz;1
possessions;1
convictions;1
scale;1
duis;1
probation;1
humanities;1
reads;1
emails;2
teacher;8
poke;1
bodyguards;3
studying;4
orals;1
athlete;1
blasted;1
web;3
tiny;3
drunken;1
producer;1
albums;2
inappropriate;1
wordy;1
repulsive;1
twisted;2
album;2
obsessive;1
maya;1
vairam;2
ed;4
constitution;3
wesley;1
snipes;1
lasagna;2
shock;1
recording;1
studio;1
singing;8
lovely;2
swing;2
lynn;1
pretending;10
prone;1
dance;4
speaking;2
deep;2
googled;2
looted;1
pencils;5
mickey;21
raybourn;2
wash;4
freakshow;1
rewarded;1
sharing;4
treats;1
commanding;4
breathing;3
racket;4
seriessub;4
episode06;1
chasing;2
chaos;2
allowing;1
retreat;2
pursue;1
path;2
serenity;1
tremor;1
latest;1
freeways;1
grids;1
mains;1
dorm;1
collapse;1
emergency;7
manual;2
assignments;2
danny;1
ritenour;1
corrections;4
facilitated;1
escape;1
prisoner;1
notify;1
testified;1
penalty;2
phase;1
angle;2
spoken;2
weight;2
bearing;2
weasel;1
regulation;1
haircut;2
swallow;1
confesses;1
sang;4
grapevine;1
ooh;6
psychos;1
civic;1
improvement;2
project;4
assignment;2
doorway;1
patrolling;1
offenders;3
cartoon;1
wolf;1
lamb;4
chops;2
quake;5
structural;1
penal;1
central;8
division;2
direct;1
thinkin;1
shadow;1
blown;2
alvarado;1
radio;6
trailing;2
jumpsuit;1
stuffed;1
perfect;11
disguise;1
crete;12
debs;1
donnie;10
wayne;5
johnson;2
knuckleheads;1
computerized;1
roust;1
pencil;14
greatest;1
continually;1
fearful;1
prevent;1
faster;4
cease;2
mistakes;2
ehrlich;1
cramps;1
lowlifes;1
spider;1
itchy;1
stores;1
clerks;1
installing;1
satellite;1
tvs;1
homes;1
winners;9
therapeutic;1
narrow;2
cellmate;3
announced;1
area;6
hospitals;2
mc;1
shane;2
rossbarrow;1
getaway;7
score;5
assing;1
getaways;1
caller;2
excited;1
engine;1
armored;7
appeal;1
raccoon;2
patch;2
pistol;3
badger;3
systems;1
lowest;2
bidder;1
buyer;1
nordstrom;1
companies;9
falling;2
lap;1
shotgun;1
muffin;1
dislocated;1
shoulder;5
pally;1
institution;1
uncuff;1
talian;1
po;1
lice;1
lanter;2
electronic;1
movement;1
disabled;2
transponders;1
corkscrew;2
stingray;1
barb;1
rubbing;1
atms;2
dry;4
extra;4
panicked;1
populace;1
miracle;6
seismic;2
load;1
beacon;1
anticipation;1
unrest;1
stretched;1
thin;2
disagree;1
aiming;1
explode;1
burned;2
fortune;3
faking;1
tangled;1
jessica;1
alba;1
june;8
brimmer;4
president;8
disable;1
transponder;1
bacon;2
glove;3
stairs;2
beatles;1
beatle;1
moron;2
simon;2
minunute;1
perimeter;3
crunchy;1
scoop;2
cupcake;1
warehouse;4
macaroni;1
cheese;7
keepin;1
understaffed;1
vote;8
prices;1
higher;1
ignore;1
kit;3
blankets;1
bucket;1
stepped;5
explosives;2
earthquakes;1
cracking;1
ceiling;1
dripping;1
pancakes;1
wounds;3
struggle;1
candles;2
perfume;1
makeup;6
differently;3
ronson;9
jaguar;2
lwa;9
tattoooos;1
appetite;1
france;2
sail;2
surgery;4
shopping;5
leased;2
thomas;2
church;5
parkininpass;1
meets;1
lottery;17
belongs;10
loft;5
ahem;1
numb;1
nuts;2
dale;30
shallow;3
breaths;3
otherwise;1
embarrassing;1
reactions;1
relate;1
ulos;3
unlucky;1
florida;6
loan;4
gift;7
skinny;1
nova;1
beater;1
rollin;1
moley;1
regret;1
blimp;2
float;1
brews;1
stabbed;9
dollar;4
publicity;3
hearts;1
bodyguard;8
hananh;1
saiaihe;1
ponch;1
chips;6
compensated;2
desert;5
fooled;2
fan;5
bruckner;1
industry;2
winnings;1
lump;1
sum;1
jolly;1
kiss;6
buzzer;1
tunneling;1
spoon;2
mister;1
doorbell;1
inviting;1
shutters;1
curb;3
helmet;1
injury;3
carpooled;2
fences;1
solving;2
logged;3
ronald;2
covina;1
bushmaster;1
win;4
wins;1
spends;5
evaluation;2
technically;2
net;6
leann;11
pembers;6
georgia;1
capacity;1
insurance;8
winner;2
recent;2
wears;3
boots;6
foreclosed;3
jag;1
sites;1
incorporation;1
application;3
agreements;1
accepting;1
plead;1
rings;2
grift;1
getz;1
hoyt;1
breen;1
silver;1
beard;2
rere;1
conning;1
bell;1
pepperoni;1
havav;1
uncluttered;1
clutter;2
healing;6
borrow;3
dyed;1
niece;5
tuned;1
total;5
stranger;2
absolute;2
sosetimes;1
scenes;1
wanting;7
dumping;1
malfunctioned;1
blade;3
screams;8
knives;4
writes;2
reallyant;1
mirror;1
rundown;1
concede;1
demands;2
dinr;1
newspapers;1
episode08;1
friday;6
thanksgiving;7
christmas;7
saturday;1
token;1
partnership;1
dishes;2
turkeys;1
tasted;3
instantly;1
jumper;2
holiday;3
stuffing;1
gravy;1
mall;23
dave;17
harris;1
battened;1
mitchell;30
clark;13
familiarize;1
employees;4
reasons;5
depressed;2
secured;2
biggest;4
genuine;1
motionless;1
k9;2
slept;5
brat;1
diaper;1
punctual;1
minneapolis;1
rumor;1
erika;10
kiosk;3
tramp;1
jealous;4
pies;1
age;5
chains;1
fobs;3
repeat;3
hearysyou;1
potato;5
yht;1
mig;1
busiest;1
zak;19
sutter;5
cutting;7
seventh;1
largest;3
rayborn;76
hotels;1
development;1
marina;1
arena;1
franchise;1
jeanette;1
october;1
carin;11
guardian;1
unusual;2
yourselves;2
minors;2
separated;1
relative;2
unnoticed;1
sale;4
barf;1
bubbles;1
soap;2
bookstore;1
dutch;3
opticals;1
frames;1
described;1
describe;3
pinched;1
ovoid;1
lola;2
kiosks;1
hut;1
patented;1
breathability;1
microfibers;1
underwear;1
wrapped;2
fruitcake;8
hates;1
heaviest;1
handing;1
elf;1
gag;1
delicious;1
freight;2
merchandise;3
cares;4
situations;1
liking;1
distinct;1
risen;1
elvis;1
switzerland;1
nazi;1
swag;3
rid;7
scaring;1
nearest;3
cadaver;1
goldfish;1
scent;1
visual;1
cedar;2
regular;7
lizard;1
tahiti;1
moonlighting;2
spread;1
cheer;1
santa;1
paws;1
claws;2
assure;2
established;1
balcony;2
aunt;11
phoenix;1
ending;1
swears;2
arm;2
bernie;1
sales;5
chased;1
railing;2
tripped;2
bureau;6
ginchy;1
gum;2
tropical;1
episode09;1
felix;16
bana;6
dealt;1
chest;7
marks;4
shirt;3
stops;1
rolling;1
potter;1
elementary;1
fluffy;4
liver;1
willful;1
occupational;1
hazard;1
kendall;49
heidi;12
beers;1
pictionary;1
dealers;1
chairs;1
teachers;1
justin;1
tapp;5
stable;1
turf;1
wars;1
canvassing;1
weapons;4
previous;1
untimely;1
unhappy;2
unregistered;3
shay;7
dandruff;1
beak;1
gacked;1
digit;1
grades;1
minus;4
rated;1
groupie;3
driven;2
understood;4
aw;1
graham;2
wtten;1
liquored;1
strayed;1
mates;1
parrot;1
goose;1
birds;10
respects;2
softball;1
washes;2
bunnies;4
lesbo;3
events;1
fundraisers;1
crowded;2
weeping;1
quietly;2
groups;1
embarrass;1
alex;18
lauer;3
cody;1
kendadall;1
coked;2
shaw;1
whirlies;1
scratched;1
forensic;1
nails;2
available;1
india;6
enrolled;2
complications;1
diane;10
risk;3
per;4
stall;1
alley;2
sponsor;1
walls;5
questioned;3
gal;3
cal;1
ifornia;1
luckily;1
swimsuit;2
cathy;5
pad;2
sometime;1
guessed;2
judge;3
tip;6
glitter;3
kimba;3
lion;1
simba;1
burnt;1
fabric;1
cottontail;1
rope;8
fig;3
fruits;2
sugar;1
serpent;1
led;1
astray;1
itching;1
packed;1
enzyme;1
expert;2
medal;3
relay;4
passes;3
ammunition;1
defines;1
irish;1
whiskey;1
super;2
tragically;1
allergy;2
picking;1
experts;1
widening;1
stubb;2
antiseptic;1
offense;1
tend;1
contest;1
tango;2
organize;1
shuffled;1
trips;1
downward;1
spiral;1
jittery;1
smackhead;1
waters;1
freaked;2
tight;2
cluster;2
taught;6
drills;1
pattern;1
drilled;1
trained;5
firearm;3
seanie;1
fin;3
charities;1
kidnapping;5
napping;1
misunderstand;1
ziggy;8
cleans;1
cried;2
stewart;1
fundraiser;1
attitude;2
generations;1
resource;4
humming;6
sovereign;3
tribal;9
territory;2
expecting;1
sheriff;15
hawes;60
casino;11
trainloads;1
awaits;1
rancher;1
stray;1
solo;2
resident;1
region;1
stationed;1
reservation;14
sheriffs;5
phased;1
tribe;2
safeguard;1
agreement;1
neutral;1
safeguarded;1
whitehatyou;1
pursuit;2
pursuits;2
hotter;1
whitehat;4
tomas;23
shasta;6
council;4
punches;1
res;3
overnight;2
pointed;1
angered;2
fiancee;7
ants;1
drops;1
tools;7
clue;2
postal;1
analysis;1
poorest;1
millionaires;1
heating;1
deer;6
stew;6
traditional;1
voicemail;3
ramirez;1
superstitious;1
superstition;1
vegetable;1
gaming;2
population;1
unmarked;3
cab;4
resort;1
spa;2
indulge;3
laughing;1
vadas;9
taxi;3
indulged;1
bees;5
lakelin;3
bee;2
hive;1
supply;2
dependant;1
pollination;1
vegetables;1
cheeseburger;1
hunting;4
nopales;4
edible;1
cactus;1
trailer;2
fish;2
rifle;2
cooking;2
quarter;1
heap;1
compassionate;1
feeding;1
strays;1
officially;2
bath;2
indulging;1
foretold;1
purple;1
panties;3
ringing;1
hitchhiking;1
indian;5
convertible;2
mercedes;2
pointy;3
teenagers;1
vegas;7
shampoo;1
rugs;1
eval;19
kinks;1
spacious;1
rooms;4
tubs;1
quickly;2
dialing;1
stalker;3
obsessed;5
indians;2
casinos;2
stronger;1
siblings;1
vadases;1
unlicensed;1
firearms;3
courtesy;1
concealed;1
dumps;1
ofdeputy;1
gunsmith;3
corona;1
hire;7
converting;2
rifles;2
semi;1
fully;2
convert;1
judaism;1
driveway;1
couch;1
curry;1
coincidence;3
vindaloo;1
morons;1
militia;1
enfield;1
musketoon;1
africa;1
muzzles;1
plugged;1
profile;1
flying;8
asia;1
gamble;1
authentic;1
reenactment;1
custard;1
custer;1
battle;2
horn;1
montana;1
footnote;1
brochure;1
importing;1
illegally;2
pea;1
import;1
musketoons;1
bingo;1
confront;2
confronted;1
bribe;2
millions;2
tribes;1
chillicothe;3
envelope;2
loomis;2
marries;1
senator;2
stars;2
tvsubtitles;3
episode11;1
ff1493;2
çúãû;2
èêö;2
coldplay;1
exterminator;1
setting;1
traps;1
soccer;2
pumpkin;2
canvass;1
petals;1
dianthus;3
diabetic;1
frank;46
dunlop;20
perspective;1
salisbury;1
steak;1
peas;1
betty;2
diabetics;1
saint;5
deliveries;2
ton;1
complained;4
crazies;2
sketchy;1
troublemakers;1
circle;4
vista;4
vierra;4
flint;17
garber;13
maude;9
paxton;7
sweeter;1
roommates;3
slates;1
rap;1
sheets;1
vi;1
cap;2
johnny;20
hazlit;51
cult;1
hazlits;7
overdosed;1
underground;6
leaks;2
hears;2
copycat;7
storage;2
museum;5
lamomam;7
value;9
donovan;1
mellow;1
teddy;1
acquired;1
collector;1
japan;2
squeaky;15
tex;21
bundy;1
auction;6
outbid;1
seduced;1
precise;1
provenance;5
origin;1
handgun;1
mass;2
memorabilia;1
collectors;2
japanese;1
collections;4
archives;1
minimum;4
decorate;1
original;2
arrests;2
pappy;2
advertise;1
townsfolk;1
lighting;1
torches;1
listener;1
bedrooms;1
clifton;28
nephew;1
monday;1
collected;1
ta;1
alrighty;1
handcuffed;2
strangled;1
chain;1
slave;1
interviews;1
frankie;2
meals;2
wheels;1
butterworth;1
shampooing;1
penny;3
depreciate;1
mindy;6
nuh;1
websites;1
forgets;1
sweetness;2
display;2
aside;2
easier;2
kicked;3
cored;1
smug;1
nabokov;1
pursuing;1
booming;1
scattered;1
grandson;6
facts;3
sieve;1
tribute;4
subtle;1
lecture;1
surrounding;1
promises;2
fascinating;2
fascinated;1
strangler;2
pans;1
sells;5
auctions;1
lane;3
exposed;2
shoulda;1
grandfather;5
photographers;1
000th;1
baggie;1
reporters;1
wasted;1
withdrawing;2
recanting;1
obstruction;1
linked;1
loses;1
bu;1
confuses;1
uhry;2
greeb;1
recant;1
limo;3
afford;3
mortgage;2
utilities;1
legacy;1
belonged;1
lowball;1
offers;2
foreign;4
uhrys;1
buyers;1
slugs;1
grip;1
exhibit;2
insanity;1
produce;1
foundation;5
meal;1
musician;2
reflection;1
supermax;1
noon;1
hack;1
stretch;2
simmer;1
episode12;1
trapdoor;2
confident;1
execution;1
mobster;2
inked;1
tats;1
pale;3
acid;1
calluses;1
labor;3
executed;1
partial;2
violations;1
nah;2
index;1
pyotr;3
lavrov;3
dmitri;3
moscow;4
responding;1
proved;1
rescued;1
paul;16
pronounce;1
math;5
struggling;1
threatened;1
liza;13
construction;13
charm;3
engineering;3
prize;2
polytechnic;1
institute;1
pavel;22
rozhdestvensky;2
row;1
builder;1
enforcers;1
collection;1
rackets;1
engineer;12
builders;2
tube;1
maze;1
intruder;1
gained;1
rsvp;1
austin;1
visiting;1
administrative;2
smuggled;1
cheap;3
countrymen;1
translated;1
filth;1
dust;2
cokes;1
workers;2
peek;1
boo;1
invoke;1
refuse;1
wrecked;1
bonds;1
backpack;1
freezer;2
expression;2
passport;1
holes;7
trip;8
gummi;1
federally;1
rebirth;1
reborn;3
pie;2
chow;1
bun;4
america;3
casing;1
site;1
casually;1
loads;1
levels;1
tolerance;1
threaten;1
build;4
bomb;9
resting;1
comfortably;1
terrorist;2
payback;2
page;5
writing;12
blueprints;1
sketching;2
diagrams;1
tsars;1
engineers;3
palaces;1
tunnels;1
ax;1
trap;2
deaf;2
belowground;1
password;1
elizabeth;1
elizaveta;1
eliza;1
veta;1
install;1
installed;1
vaults;1
landed;1
castayas;1
letting;2
drank;6
sentences;1
episode13;1
wiped;1
rude;2
faa;3
william;57
ellis;64
landing;1
jumps;3
tosses;1
airfield;1
flight;3
circus;2
bull;6
shuttle;2
retires;1
nasa;8
rocket;3
engines;1
tower;1
planes;4
blank;4
expended;2
distribution;2
nation;1
shining;1
procedure;1
k2;11
floating;5
barfing;1
vacuum;3
flew;9
employee;2
breem;18
cockpit;1
flyer;1
grave;2
banana;4
peel;1
astronauts;1
spacemen;2
poets;2
castaic;1
savings;3
inheritance;1
remembered;4
ye;1
floated;1
currents;2
primo;2
fokker;2
vintage;1
baron;2
sr;1
blackbird;1
rehearsed;1
rockets;1
flies;1
airplanes;3
waste;2
removal;1
wage;2
race;3
scarcity;1
resources;1
scarce;1
hazmat;1
clearance;4
racers;1
navy;1
carrier;1
landings;1
missions;1
miles;3
spaceman;1
toy;2
ripping;1
pomona;1
diner;1
flirted;1
waitress;1
snooping;1
obligations;1
mick;6
behavior;1
regularly;1
peaks;1
ascended;1
mountain;10
shelf;5
buddhist;2
mourning;2
evan;6
tucker;45
stow;1
distance;3
silent;3
base;1
fatalities;2
unreported;1
fatality;1
sporty;2
mart;2
backwoods;2
vacation;3
tethered;1
footing;1
angles;1
slope;1
drift;1
density;1
barely;2
bruised;1
falls;2
focused;1
skydiving;3
perris;4
motel;4
simply;1
babysitters;1
collecting;1
tuck;4
instructors;1
fearless;4
height;1
cord;2
chute;4
catching;1
knee;1
heals;1
blinding;1
poem;1
telephone;1
padded;1
resume;2
manhattan;1
virgin;1
grilled;2
sandwich;1
propulsion;1
mission;2
faxing;1
kevin;1
nevada;2
cruising;1
altitude;1
faxed;1
airfields;1
nickname;3
nicknames;1
od;2
smeared;2
direction;1
pressed;2
wigs;4
mitch;29
wagner;11
fogged;1
stage;3
san;6
diego;5
garden;1
jude;47
hays;36
ogether;1
fans;5
stanton;2
discount;1
sims;17
onstage;1
betrayed;1
attacked;1
bassist;1
bedded;2
uncap;3
sharpie;6
uncapping;2
dmv;1
dwp;1
ne;1
impersonators;1
telegrams;1
ads;1
impersonations;1
auditioning;2
audition;2
mayan;5
telegram;2
emma;3
replaced;1
goofing;1
billion;2
conk;1
conked;1
minded;2
songs;1
patty;10
asian;1
pear;3
papple;3
bapple;4
cigarette;1
cigarettes;1
auditioned;1
bands;1
bootleg;1
hollering;1
germs;1
leftovers;2
resolve;3
tree;2
billed;1
plastics;1
stealin;1
chocolate;1
shine;1
dentist;1
auditions;2
candle;2
singers;1
bass;1
rome;1
fashion;1
helping;2
ruined;1
perfectly;2
prescriptions;1
killers;4
sweeten;1
tad;1
liberal;1
memory;2
saliva;2
unknown;2
torch;1
tidwells;2
postmarked;1
stalking;1
lists;1
theaters;1
photogenic;1
erase;2
concert;2
seattle;1
shrine;1
lighters;1
bracelets;1
crash;1
fame;1
tokyo;1
eh;6
formed;1
judes;1
painted;3
nailed;1
chopper;3
housing;3
nests;1
camino;1
roy;44
mccullough;8
jhy;2
hmmm;1
aah;1
bruises;1
shacked;1
twenties;1
shoved;3
relec;1
resynchro;2
lafeelicita;2
perkosdhed;1
marc;1
anthony;1
roofs;7
sasha;13
newlyweds;1
hunkered;1
interests;1
wedge;1
raisers;1
wenderson;1
roofing;5
schienbloom;1
sons;2
attic;2
legit;1
pesca;5
salt;2
pepper;2
pasta;1
dish;1
wonderland;1
murrigan;1
roofers;1
flu;3
virus;2
colds;1
reliable;1
triple;1
agreed;1
sue;1
declare;1
bankruptcy;1
mid;1
century;1
deposit;2
strengthened;1
dot;2
andy;3
rory;1
router;1
ford;17
checks;4
limited;1
polite;4
thieving;1
prick;2
finn;3
cuffed;2
pipe;3
sourpuss;1
underestimated;1
ripped;3
whacked;1
taxpayers;1
unfreeze;1
marie;1
flipping;2
equity;1
dries;1
poof;1
forecloses;1
punching;2
steam;2
scabs;2
lunched;1
esp;1
ad;2
noisy;1
whipped;1
checkbook;3
beats;3
withdrawn;1
withdraw;2
pescas;1
accessory;1
da;1
add;1
disagreeing;1
legitimate;2
antiquing;1
recipes;1
ell;1
core;2
vase;1
seeds;3
nodding;1
essence;2
girlie;4
eats;2
touchy;1
willie;1
prayed;4
cheek;2
aka;1
rode;3
berdoo;1
dime;2
tongue;2
leaned;1
assailant;1
biker;2
hypodermic;1
pour;1
schmuck;1
scammed;1
scorpion;2
fried;1
stinger;1
croaked;1
practiced;1
invested;1
investments;1
polish;4
single;1
straightened;1
tongues;1
supper;1
maker;1
happily;1
rips;1
cheeks;1
review;1
ian;19
bleed;1
resists;1
kindagets;1
purpose;2
oral;2
ancestors;1
interviewing;1
ulaan;2
baatar;1
ba;1
mongolia;1
generation;2
privately;2
amanda;6
puryer;4
recruiting;2
package;1
intelligence;1
clock;9
coast;1
adrift;1
mile;1
typing;1
estate;1
businesses;2
antiques;2
title;1
blind;1
china;7
striking;1
karmic;1
fragile;2
pin;2
ryker;1
barbequed;1
moist;1
saucy;1
extortion;1
shoving;1
arrange;1
appointed;1
wipe;2
episode16;2
landlord;3
sedation;1
antifreeze;5
watches;1
ammonia;4
chlorine;1
broom;7
jerome;25
rafts;26
acquisitions;2
derivatives;6
mishandled;1
pigeon;12
ladder;1
tumbling;1
kindergarten;1
wireless;1
dakota;1
specializing;1
derivative;8
invest;3
bust;1
veronica;1
harper;1
trish;1
13th;1
doughnuts;1
alexa;21
displays;1
escorts;1
repeatedly;1
brenda;2
trill;4
madam;2
patrolman;1
requested;1
sheen;1
layperson;2
derived;1
underlying;2
contingent;1
notional;1
specialized;1
bubble;2
burst;2
busier;1
gentleman;1
showered;1
soaped;1
fondue;1
hon;1
cutie;1
rollerblading;1
fashioned;1
layman;1
tipped;1
pigeons;13
exterminate;1
poly;1
blackmailed;1
section;3
involving;1
ronnie;2
pollen;1
coop;5
fanciers;3
egg;6
bloody;3
prized;1
hatched;1
offspring;1
bamboozled;1
tending;1
fancier;1
rollers;1
trumpeters;1
dragoons;1
tipplers;1
croppers;1
berlin;3
faced;3
tumblers;2
chock;1
monitored;1
technical;3
issue;1
continue;1
earned;2
cords;1
fry;1
tub;2
electrician;1
cousin;1
assured;2
gfci;1
outlets;1
nail;3
outlet;1
whistle;1
blower;1
rail;1
oakland;4
frijoles;1
pigeondom;1
perched;1
lightly;1
reveal;1
tumbler;1
archangel;1
tail;2
moderately;1
slightly;3
pronounced;4
breast;4
affections;1
caring;2
kne;1
transvestite;1
claudia;2
raising;1
disappoint;1
chef;10
raiser;1
contract;2
procedural;1
exciting;1
siren;1
resemblance;1
resembles;1
cross;2
chefing;2
homemade;1
ducked;1
loo;2
nepal;2
nicer;1
apron;1
intensity;1
calming;1
deceiving;2
scratch;4
bluetooth;1
puttering;1
putter;1
sink;1
paralysis;1
muscular;1
neural;1
organs;1
underestimate;1
traveling;1
epinephrine;1
birdseed;2
competition;1
assassinations;1
cycle;1
deepa;2
stomp;3
notch;1
tingle;1
runner;1
buck;1
slips;1
sprite;1
towners;2
zoo;1
parent;1
army;8
sunny;1
relecture;1
salomon;1
dixon;1
stiller;1
erin;12
cordett;2
active;3
iraq;5
travis;22
slocum;23
rotated;1
diversion;3
unpatriotic;1
jealousy;1
midwest;1
souvenir;1
stenciled;1
lightweight;1
vest;12
exceptional;1
valor;1
sadr;4
april;1
traing;1
appreciating;1
faces;1
godfather;2
iii;2
jogging;1
soldier;3
amp;1
vendor;1
spills;1
pushing;1
argue;1
hoodie;3
bertha;1
dusted;1
articles;1
nearby;1
butchered;2
movies;3
mmm;1
jerry;4
specific;1
general;1
regs;3
seated;1
fastener;1
flaked;1
contracts;1
takeoff;1
gus;16
wilvern;2
chemxtech;13
vice;1
relations;1
temp;1
prefer;1
nostalgia;1
moonlight;1
cowboys;1
gladiators;1
poker;2
implying;2
troops;3
programs;1
providing;1
vets;1
outreach;2
protectanddefendurself;1
finished;1
pete;2
magnus;1
urself;1
inc;1
friendly;1
realm;3
authority;3
military;4
judgment;3
breeds;1
referral;1
flatfoot;1
fraggedy;1
vulture;1
acceptable;2
wages;1
query;1
mel;1
quentin;6
norris;12
grapes;3
grape;6
flame;1
thompson;1
concord;1
muscadine;1
crapola;1
crisp;1
paycheck;1
spreading;1
storm;1
90s;1
dishonorable;1
discharge;1
related;1
combat;3
treating;4
detector;3
smack;1
drain;3
cleaner;3
sucking;1
spiked;1
sirs;1
soldiers;2
polymer;1
coating;1
indestructible;1
serial;1
pentagon;1
outfit;1
platoons;1
cheaper;3
guinness;1
extract;4
reformulate;1
infinite;1
inject;1
vests;5
bounced;1
grant;45
decorated;2
medals;1
wounded;3
shipped;1
host;1
returns;1
armed;2
offices;1
triangulate;1
catalog;1
deepest;1
tucked;1
ordered;4
deals;1
powerful;2
accent;1
boats;1
inoperable;1
images;1
processed;1
employing;1
secondary;1
fakes;1
printer;1
spilled;1
tat;1
atwater;5
cakewalk;1
crescent;2
seever;13
ledge;3
escapees;1
unis;1
tossed;1
sidetracked;1
olympics;3
sally;30
murdoch;7
posted;1
handicap;4
golf;1
sam;2
captioning;2
mute;1
typed;1
settling;1
corresponded;1
sugars;1
monitor;1
technique;1
heist;5
safecrackers;1
typically;1
golfer;1
poured;2
raw;1
assumed;3
kneecap;1
lasted;2
nina;20
fiske;1
redemption;4
rehearsal;3
lyle;16
hix;6
hitch;1
counted;2
robot;2
blink;2
robots;1
blinked;1
summary;1
paragraph;1
diamonds;22
disinfectant;1
conjugal;1
tops;1
pudding;1
signature;1
bailiff;1
moves;1
damned;1
swapped;1
character;1
electric;2
sparky;1
writer;3
communing;2
commuting;1
interrupt;1
sour;1
imitation;1
flattery;1
tour;1
tempting;1
stock;1
indy;1
reward;3
elevators;1
roaming;1
willy;1
nilly;1
anywho;1
smiling;5
catches;1
sneaks;1
criminals;2
belly;1
unprovoked;1
altercation;1
occurred;1
apparent;1
rehabilitation;1
noted;1
psychiatrist;1
vital;1
transpo;2
jonah;8
hammer;1
deader;2
shunt;3
device;3
santos;6
rapidly;1
exsanguinated;2
directly;1
drained;1
external;1
exsanguinate;1
losing;2
freeze;1
replacement;1
corpses;1
crypt;1
crypts;1
designated;1
painkiller;1
painkillers;1
ripe;1
autopsy;1
lining;1
ventura;1
coroners;2
circular;2
dui;1
unruly;1
lodged;1
goth;4
fiera;3
schwartz;2
disorderly;4
bleak;1
yelled;1
marys;1
pinata;1
stressed;1
eighth;1
instructed;1
instruct;1
miscreants;1
currently;1
errol;8
restaurants;2
rowing;1
exit;2
recovered;1
digs;1
material;1
cakes;1
condoms;2
disappears;3
investor;1
ellison;5
invests;1
gambling;2
bookie;1
hector;2
opera;1
cries;1
tender;1
staggers;1
cleaver;1
cuffs;1
tabloid;1
puddle;2
kathy;10
scanner;1
ability;2
digital;1
enlarge;1
slide;1
swabbed;1
evaporated;1
handful;1
reaches;3
stumbles;1
icicle;1
prying;1
discover;1
geniuses;1
budget;2
helicopters;2
scratchy;1
typical;1
brilliant;1
cranial;1
saucers;1
esophagus;1
numerous;1
creating;1
workplace;1
buds;2
confederacy;1
dunces;1
unreasonable;1
chickens;1
roost;1
mourn;1
harshed;1
seniority;1
newer;1
maintained;1
engraved;2
mallet;5
obvious;1
flail;1
prioritizing;1
overseen;1
quarts;5
pints;2
cooperation;1
politics;2
mattered;1
piling;1
incompetence;1
incompetent;1
teaches;1
bump;1
purchasing;1
ounces;1
purchase;1
megapixels;1
mega;1
examining;1
payments;1
stunning;1
curiosity;1
walker;2
reopening;1
vodka;1
stairwell;1
adds;1
banks;1
jesus;1
grandpops;2
rules;1
strict;1
debbie;4
prenatal;1
vitamins;1
kissed;1
valve;3
photographer;5
hers;2
apartments;2
shunts;1
deception;1
senses;1
border;1
howard;31
amis;30
political;2
consultant;1
tomato;1
lair;1
uncertainty;1
voter;1
favors;2
assemblywoman;1
voted;2
luther;2
latched;1
s02;1
e20;1
é;1
óë;1
å;1
¹åµâäîìøzzz;1
approach;1
latches;1
tables;1
til;1
invasion;1
comprehensive;2
handguns;1
k;9
princeton;1
tear;1
sore;2
loser;2
elder;1
assembly;1
highly;1
guru;1
campaign;3
congress;1
gaps;1
swipes;1
millimeter;2
shooters;5
confines;1
whitney;2
paxman;6
sized;1
holster;1
result;1
dash;1
chairman;1
ella;9
holden;1
discretion;1
plum;7
polling;1
produces;1
products;1
shootings;1
guarantee;1
rehearsing;1
cart;2
unarmed;1
doorstep;1
ticking;2
wires;4
shark;2
grabbing;1
uniformed;1
crude;1
requisitioned;1
causes;3
existed;1
phrase;1
slap;1
wrist;1
jackie;21
forgotten;1
refused;1
caretaking;1
rangers;1
jeopardize;1
larceny;1
fills;1
civilian;1
solicitation;2
mistaken;1
hooker;1
representative;1
smear;3
tension;1
documentation;1
suggests;1
fantasy;1
believing;1
announce;1
candidate;1
bless;2
disappointing;1
spare;1
las;1
temperature;1
determine;1
tore;1
accusations;1
corruption;1
tracks;1
kicking;1
authorities;1
kindly;1
families;2
camarades;1
e47833;5
brass;3
stonewalled;1
crewsent;1
equals;7
shirts;1
minivan;2
smooth;1
rating;1
dvd;1
holders;1
treatments;3
dissuade;1
pirates;1
sippy;1
privileged;1
suffer;1
symptoms;1
stockpiling;1
choices;1
join;1
depends;1
q;1
techno;1
promoted;1
pleasures;1
provide;1
aspects;2
reticent;1
loath;1
consider;1
mortality;1
spain;3
philanthropy;1
operates;1
greater;1
visited;1
truckload;2
shell;1
cousins;1
arresting;1
photographic;1
eidetic;1
accuracy;1
abundant;1
volume;1
drawings;1
mill;1
cadet;1
chose;2
fetch;1
cliome;1
terribly;1
mustn;1
road;1
adding;1
tricks;1
combinations;1
safes;1
episode21;1
